full_name,pushed_at,categories,description,signals
aasanchez/ocpp16j,2026-06-24T10:23:44Z,OCPP > Libraries,"Go library for parsing, validating, decoding, and marshaling OCPP-J 1.6 Call, CallResult, and CallError message envelopes.",2cd966666620
aasanchez/ocpp16messages,2026-09-25T17:44:16Z,OCPP > Libraries,A type-safe Go library implementing OCPP 1.6 message types with validation for building EV charging station management systems and charge point implementations.,724a3f241175
abhishandilya/ocpp.ai,2023-11-07T21:39:26Z,OCPP > Misc,An open-source AI chatbot UI configured for chatting with an OCPP expert.,056098436dee
acervenky/ev_charge_tracker,2021-11-02T07:36:21Z,Other,"A Flutter app for tracking charging cycles, trip statistics, and related data for Pure EV electric scooters, with all data stored locally.",32947c33cbab
adriandotdev/ocpp-central-system,2024-12-12T02:12:12Z,OCPP > Server,Node.js implementation of core OCPP central system commands exposed via REST APIs and WebSocket communication.,a7542cf3ee37
agruenb/micro-ocpp-dashboard,2024-10-16T17:12:13Z,OCPP > Dashboard,"A web-based dashboard for monitoring and interacting with the MicroOcpp OCPP library, optimized for deployment on microcontrollers.",7f6de0e32ebc
alex89rm/ha-ocpp,2026-09-08T22:00:03Z,OCPP > Server|Other > Home Assistant integration,"HA OCPP is a Home Assistant integration that provides an OCPP server for managing charging stations, users, RFID credentials, measurements, and charging limits.",8cc1159277ac
alexeimoisseev/ocpp-server-typescript,2026-02-12T14:57:30Z,OCPP > Server,"A minimal TypeScript OCPP WebSocket server for learning, testing chargers, and running simulators with support for OCPP 1.6J and 2.0.1 core charging flows.",878a81c40231
alexeimoisseev/ocpp.md,2026-07-12T13:21:12Z,OCPP > Documentation,"A structured OCPP (2.1, 2.0.1, 1.6J) knowledge base with field-level message schemas, sequence diagrams, and decision markers designed as context for AI agents developing EV charging systems.",4a0fd51e9348
alexs-sh/dummy-central-system,2021-08-11T09:13:38Z,OCPP > Simulator,A Rust dummy OCPP central system that emulates a charging station operator backend handling basic OCPP messages and certificate signing flows.,967b61697b10
alexs-sh/tom,2024-06-22T12:58:25Z,OCPP > Misc,"A Python converter that bridges OCPP SOAP charge points to OCPP JSON central systems, with support for OCPP 1.5 messages.",e9c1032c6f8b
alickjoe/test-ocpi,2026-06-01T21:39:59Z,OCPI > Misc,A web-based tool that validates JSON payloads against OCPI schemas across multiple OCPI versions and modules.,da4bb87560b6
aliml92/ocpp,2026-08-12T14:58:21Z,OCPP > Libraries,A Go library implementing JSON OCPP 1.6 and 2.0.1 with server and charge point client support.,7b2c796a5369
amolsurjuse/ocpp-service,2026-08-15T23:15:12Z,OCPP > Server,"Production-ready Spring Boot OCPP server (CSMS) microservice for managing charging station WebSocket connections, message routing, and remote commands.",20885572873e
ampeco/cpd-ocpp,2026-07-22T12:03:44Z,OCPP > Libraries,Node.js library providing an abstraction layer and validation for OCPP 1.6 JSON protocol with server and client implementations.,c8c049854294
andreibesleaga/ochp-mcp,2026-06-24T13:07:24Z,Other > OCHP Server,"A deprecated TypeScript MCP server that exposes OCHP 1.4 and OCHP-Direct operations for EV charging authorization, charge point data, status, CDRs, and EVSE control.",
andreibesleaga/ocm-php,2026-06-25T13:20:26Z,Other > Open Charge Map library,A deprecated unofficial PHP SDK for accessing the Open Charge Map REST API from PHP applications.,
andreibesleaga/ocm-sdk,2026-06-25T14:29:07Z,Other > Open Charge Map SDK|Other > MCP Server,A deprecated TypeScript/JavaScript SDK and MCP server for accessing the Open Charge Map REST API for EV charging location data.,
andreibesleaga/ocpi-sdk,2026-02-09T14:32:24Z,OCPI > Libraries|OCPI > Misc,"Deprecated TypeScript/JavaScript SDK for accessing an OCPI REST API, with an included MCP server for AI-based OCPI communication.",e95bbed1e311
andreibesleaga/oscp-sdk,2026-02-09T14:31:29Z,Other > OSCP Libraries,Deprecated TypeScript/JavaScript SDK for the OSCP REST API with an MCP server for AI-assisted API exploration and integration.,
Anmirazik/OCPP1.6J-Server-Nodered,2023-11-25T02:57:43Z,OCPP > Server,A Node-RED prototype OCPP 1.6J server that exchanges basic charger commands and forwards OCPP data to ThingsBoard over MQTT for visualization and control.,10ab1525cb4a
Anmirazik/Open-Source-Ev-charger-End-to-End-Solution,2023-12-07T04:20:25Z,OCPP > Misc,A step-by-step guide for integrating an EVerest-based EV charger with open-source CSMS backends using OCPP.,dcdb5eaaf1e2
api-evangelist/blink,2026-09-27T10:35:53Z,Other > API Profile,An independent third-party catalog of Blink Charging’s publicly available APIs for its electric vehicle charging network.,b0218eebe4cf
api-evangelist/blink-charging,2026-09-04T18:48:09Z,Other,An independent profile of Blink Charging’s publicly available APIs for electric vehicle charging services.,f28fc3d8ecab
api-evangelist/cariqa,2026-09-27T11:02:45Z,Other > EV charging payment and access APIs,"This repository is a third-party profile of Cariqa’s public Connect API for backend-to-backend payment, access, and charging-station discovery services for electric-vehicle charging.",79082e42d54b
api-evangelist/chargefox,2026-09-25T18:28:47Z,OCPI > Misc|Other > API documentation/profile,An independent third-party profile documenting Chargefox’s publicly available APIs for its Australian electric-vehicle charging network and software platform.,8a89cfc6b196
api-evangelist/chargy,2026-09-27T11:04:00Z,OCPI > Server|Other,An independent third-party repository documenting char.gy's publicly available APIs for its UK electric-vehicle charging network.,c016cf46531c
api-evangelist/enapi,2026-09-23T00:28:50Z,OCPI > Misc|Other > API Profile,An independent third-party profile documenting Enapi’s public API for a unified electric-vehicle charging roaming and transaction-clearing platform connecting CPOs and eMSPs.,37b8a366ec16
api-evangelist/enel-x,2026-09-23T00:28:57Z,Other > DER Management,"Enel X is a smart energy and distributed energy resource management platform providing EV charging coordination (JuiceBox/JuiceNet), demand response, and virtual power plant aggregation via oADR and custom APIs.",5b49fa38903d
api-evangelist/ev-connect,2026-09-23T00:29:55Z,OCPP > Server|OCPI > Server,An independent profile documenting EV Connect’s public APIs for its EV charging network and charge-point management platform.,36b22c8ea970
api-evangelist/evie-networks,2026-09-23T00:30:14Z,Other,An independent third-party profile of Evie Networks’ publicly available APIs for its Australian electric-vehicle charging network.,0fb8607be79b
api-evangelist/flipturn,2026-09-27T10:39:40Z,Other > EV charging management API profile,"An independent third-party catalog of Flipturn’s public APIs for monitoring EV chargers, managing energy and fleet charging, controlling access, and handling payments and billing.",d211b92fa072
api-evangelist/flo-ev,2026-09-23T00:32:34Z,OCPP > Misc|OCPI > Misc|Other,An independent third-party catalog of FLO’s publicly available APIs for its electric vehicle charging network and related interoperability services.,42e0d993c7c5
api-evangelist/gireve,2026-09-23T00:35:20Z,OCPI > Misc,"This repository is an independent third-party profile of Gireve’s publicly available APIs for connecting electric-vehicle charge point operators, e-mobility service providers, and drivers across Europe.",bb3a22182135
api-evangelist/lemonflow-ai,2026-09-23T00:47:54Z,Other > AI agents and customer-support APIs|OCPP > Misc,Lemonflow is an independent third-party profile of the public API surface of a company providing AI agents and customer-support tools for electric-vehicle charging.,82c8c142a06d
api-evangelist/meshcrafts,2026-09-23T00:52:11Z,OCPP > Server,This repository is a third-party profile of CURRENT’s public APIs for managing electric-vehicle charging infrastructure through its charge point management system.,7b3394a3d68d
api-evangelist/pod-point,2026-09-23T01:04:47Z,OCPI > Server|Other > API documentation/profile,"An independent, third-party profile documenting Pod Point’s publicly available API surface for electric vehicle charging services.",95d62e1bee79
api-evangelist/presto,2026-09-23T01:05:53Z,OCPI > Server,"Presto is an electric-vehicle charging platform that aggregates access to chargers from multiple North American charging networks through a single app, payment method, and account.",0699434e2a59
api-evangelist/schaeffler,2026-09-23T01:12:49Z,Other,"An APIs.json metadata catalog for Schaeffler Group, a German automotive Tier 1 supplier, documenting corporate integration interfaces rather than public EV charging protocols or tools.",b4eb0769f0bc
api-evangelist/shellrecharge,2026-09-27T10:53:01Z,OCPI > Server,A third-party profile documenting Shell Recharge’s public APIs for finding charging locations and managing EV charging sessions.,3ae997e53715
api-evangelist/tae-technologies,2026-07-29T10:39:17Z,,"A fusion energy company developing aneutronic proton-boron-11 plasma reactors for power generation, commercial space propulsion, and boron neutron capture therapy for cancer treatment.",
api-evangelist/ubitricity,2026-09-23T01:26:00Z,OCPP > Misc|Other,An independent third-party profile of Ubitricity’s publicly available APIs and API documentation for its electric vehicle charging services.,d3a8c140f7b4
apostoldevel/ocpp-cs,2026-08-19T09:04:35Z,OCPP > Server|OCPP > Simulator,"C++20 OCPP central system with a web UI, REST API, schema validation, and built-in charge point emulators for OCPP 1.5, 1.6, and 2.0.1.",7de5c1d37f62
apostoldevel/ocpp-css,2026-09-23T11:07:18Z,OCPP > Server,"OCPP Central System as a Service provides a central system for connecting, managing, and processing data from EV charging stations via OCPP 1.6.",5ed9a5302dd3
appspace/kwwhat,2026-09-30T23:28:29Z,Other > Analytics,"A dbt data pipeline that transforms OCPP logs into structured models for EV charging analytics, reliability, and utilization metrics.",e8ad9ed081dd
apundir/wsbalancer,2020-09-10T10:03:04Z,OCPP > Misc|Other > WebSocket infrastructure,"A Go stateful WebSocket reverse proxy and load balancer that preserves client sessions while failing over connections between backends, including OCPP-style EV charger server deployments.",96966fa11def
arasgungore/EEBUS-in-Java,2024-01-30T10:48:28Z,Other > EEBUS Library,"Java library implementing the EEBUS protocol suite, including SHIP and SPINE, for communication and discovery between smart home and energy management devices.",c7dea7dc4922
arcnode-io/ems-industrial-fixtures,2026-10-01T03:54:17Z,OCPP > Misc|Other,"Rust mock implementations of industrial gateway protocols for testing Modbus, SNMP, Redfish, DNP3, and CANbus integrations.",b2529566e432
arcnode-io/ems-industrial-gateway,2026-10-01T03:42:41Z,Other > Industrial protocol gateway,"Rust gateway that reads industrial grid/device protocols, derives measurements, and publishes unit-scoped samples and dispatch acknowledgements over MQTT.",343d91cede99
argonne-vci/node-red-contrib-ocpp,2026-06-05T17:00:39Z,OCPP > Libraries,Node-RED nodes for communicating with OCPP 1.5 and 1.6 EV charge points and central systems over SOAP and JSON.,addbd9126b2e
artmakerzbr/ev-tracker,2026-09-15T14:23:50Z,Other,A web app that records EV charging sessions and calculates the amount owed to a condominium.,35ac34f35f63
augustas2/morek-charger-card,2026-10-01T11:36:18Z,OCPP > Misc,A Home Assistant Lovelace dashboard card for monitoring Morek EV chargers connected through OCPP and controlling charging sessions.,f3d07dbc2604
autimit/ocpp-zig-poc,2025-07-02T04:33:14Z,OCPP > Simulator,"A Zig-based CSMS simulator that models EV charging sessions from mocked OCPP-inspired JSON data and calculates power, energy, cost, and host revenue sharing.",b145082ad750
aws-solutions-library-samples/guidance-for-modernizing-electric-vehicle-charging-on-aws,2025-02-28T14:49:48Z,OCPP > Server,AWS guidance for deploying an OCPP Gateway that proxies charge point WebSocket traffic to MQTT via AWS IoT Core for a serverless CPO/CSMS architecture.,d2dfabcd2960
aymen-mouelhi/ocpp-js,2021-08-09T22:28:15Z,OCPP > Libraries|OCPP > Server|OCPP > Simulator,"JavaScript implementation of OCPP for creating a central system, charge point clients, and a charge point server with configurable storage.",4facf9c3b25f
BashTheDog/elecq-ocpp-ha,2026-04-05T04:59:37Z,OCPP > Server|Other > Home Assistant Integration,Home Assistant custom integration that runs a local OCPP 2.0.1 WebSocket server to monitor and control Elecq AU101/AE106 EV chargers.,cb49cc1ccfd8
BBessler/Solarmanager,2026-09-30T14:42:56Z,Other > Charger Controller,"Local home energy management system that automatically distributes solar PV surplus to EV chargers, battery storage, heating systems, and smart-home devices.",06d9ab65d3de
Beep-Technologies/esteban-ocpp,2026-05-15T01:33:05Z,OCPP > Server,"Esteban-OCPP is a Go OCPP server for administering charge points and users, exposing REST APIs, and running EV charging deployments in cloud or edge environments.",01893c82de98
BePower/bepower.github.io,2022-08-18T11:00:54Z,OCPI > Misc|Other > Website,"bepower.github.io is a GitHub Pages repository for bePower, with repository topics indicating OCPI-related CPO/eMSP/MSP content.",fd3e7b221d12
BitzArt/OCPI.Net,2026-08-01T06:46:33Z,OCPI > Libraries,OCPI.Net is a C#/.NET library implementing the Open Charge Point Interface for EV charging roaming.,e26970a04a5a
bodems/controller-firmware,2018-06-24T13:19:54Z,Other > Firmware,OpenWRT-based firmware build files for Raspberry Pi EV charging controllers following IEC 61851.,caf2c4dc10e2
BorisBrock/HeidelBridge,2026-09-25T07:14:47Z,Other > Charger Controller,"Firmware for ESP32 microcontrollers that bridges Heidelberg wallboxes to WiFi networks and integrates them into home energy management systems via Daheimladen, REST, and MQTT APIs.",cbb83c578605
brandonprry/VolatileOCPP,2025-03-18T23:26:36Z,OCPP > Testing,VolatileOCPP is a security-focused OCPP scenario test runner for validating CSMS/OCPP server implementations against Open Charge Alliance test document scenarios.,8e83f2adb368
brunoluiz/ocpp-server-tool,2017-03-03T16:12:25Z,OCPP > Simulator,Java command-line tool that simulates an OCPP 1.5 SOAP Central System server for sending supported commands to a charge point.,1311c2cd62ab
c-jimenez/open-ocpp,2026-04-13T12:58:59Z,OCPP > Libraries,Open OCPP is a C++17 library implementing the WebSocket/JSON variants of OCPP 1.6 and OCPP 2.0.1.,586a6ee3670c
c-jimenez/open-ocpp-simu,2026-04-15T06:51:02Z,OCPP > Simulator,"Open OCPP simulator provides an MQTT-based environment for launching, managing, monitoring, and configuring simulated OCPP charge points that connect to a central system.",2be93d956a9a
camuh3/macos-ai-commander,2026-10-01T07:13:58Z,Other,"LumenForge is a macOS command-line tool that automates native application interfaces through the Accessibility API using structured, human-readable commands.",335d42669ece
Cano2020/Offshore-software-team,2021-09-30T08:26:37Z,OCPP > Misc,"Canopus is a software services team offering app development, emerging technology prototyping, and data science services.",417a03f2e40e
cbrandlehner/ocpp-fanout,2026-10-01T11:02:35Z,OCPP > Server,An unofficial OCPP 1.6-J proxy that fans out a wallbox’s connection to multiple backend systems while filtering and optionally injecting CSMS commands through a dummy primary.,da7d28f7d1f0
cdfq384903/Machnata,2026-03-31T09:26:46Z,OCPP > Libraries|OCPI > Libraries,"Machnata converts JSON Schema definitions, including OCPP and OCPI schemas, into Protocol Buffers and generated multi-language data structures.",124549a4d5bd
cepsdev/v2g-guru-slac,2022-02-22T09:40:00Z,iso15118 > Misc,v2g-guru-slac is a C++20 simulation and implementation of ISO 15118-3 SLAC for matching EVs with EVSEs using real SLAC messages over SCTP.,add7d044ca14
ChagataiDuru/OCPP-Framework,2024-01-25T10:55:31Z,OCPP > Server,"A NestJS-based OCPP charge station management system with microservices for charge point communication, event processing, MongoDB storage, and an AngularJS monitoring frontend.",520b953440c2
chankinwui/OCPP7ROS,2022-11-01T15:23:16Z,OCPP > Simulator|OCPP > Misc,A gateway and simulator project connecting OCPP 2.0.1 EV charging systems with ROS 2 robots.,b2fde25b18c5
chargegrid/abusive-charge-point,2017-08-02T15:08:12Z,OCPP > Simulator,Abusive Charge Point is an OCPP 1.5j charge point pool simulator that sends randomized charge point messages for testing or load testing an OCPP back office.,2b140ace7adc
ChargeLab/OpenOCPP,2026-09-29T02:45:26Z,OCPP > Libraries,OpenOCPP is multi-platform embedded software implementing OCPP 1.6 and 2.0.1 for EV charging stations.,c4fb7ef9f26a
ChargeMap/autocharge-vehicles-database,2025-02-18T09:08:43Z,,,d4704abafb71
ChargeMap/ocpi-protocol,2021-11-12T15:04:27Z,OCPI > Libraries,"A PHP PSR-compatible library and client SDK for handling OCPI eMSP request/response classes, models, validation, listing pagination, and CPO API calls.",07973aeca083
ChargePi/chargeflow,2026-09-18T22:35:08Z,OCPP > Misc,"ChargeFlow is a CLI tool for validating raw OCPP 1.6, 2.0.1, and 2.1 JSON messages against multiple schemas, with support for vendor-specific extensions and remote schema registries.",b80690bb0c01
ChargePi/chargeflow-registry,2026-08-16T20:42:02Z,OCPP > Misc,"Chargeflow Registry is a Go service that stores OCPP schemas and validates compatibility across OCPP versions, actions, vendors, CPMSs, and EV chargers.",9937a6d3bf39
ChargePi/ChargePi,2024-07-25T21:04:40Z,OCPP > Simulator|Other,"ChargePi is a deprecated Raspberry Pi-based EV charge point client implementing OCPP 1.6 JSON/WebSocket for controlling multiple EVSE connectors with LEDs, relays, and power meters.",1491e113d453
ChargePi/ChargePi-go,2026-10-01T12:08:23Z,OCPP > Charge Point,"ChargePi-go is Linux-based charge point software that abstracts EV charging station hardware and provides OCPP support, a management UI, and an API.",674c66affe29
ChargePi/ocmf-go,2026-07-20T21:38:51Z,Other > Libraries,"Go library for generating, signing, and parsing Open Charge Metering Format (OCMF) messages for EV charging metering compliance.",2e43e2771af5
ChargePi/ocpi-sdk-go,2026-07-08T22:44:39Z,OCPI > Libraries,"Go SDK providing client and server libraries for the OCPI (Open Charge Point Interface) protocol version 2.2.1, auto-generated from OpenAPI specifications.",
ChargePi/ocpp-manager,2026-04-19T17:29:28Z,OCPP > Libraries,"A Go library for managing and validating OCPP configuration variables, including defaults, mandatory keys, custom validators, and versioned configurations.",d721c8094e64
ChargePi/oecs,2026-09-24T10:26:35Z,Other > EV charger specification schema,"OECS is a vendor-neutral JSON Schema for representing the hardware, software, connectivity, payment, pricing, and compliance specifications of EV charger models.",1e0556ee50b1
ChargePi/oecs-helm,2026-09-28T20:52:26Z,Other > Deployment tooling,"A collection of independently installable Helm charts for deploying OECS platform services, including the oecs-hub and its database and caching dependencies.",7a2287f19cda
ChargePi/oecs-hub,2026-10-01T07:56:09Z,Other,"OECS Hub is an open registry and search platform for structured electric vehicle charger specifications, supporting manufacturer submissions, validation, review, and comparison.",2dfc8749cd1f
ChargePi/oecs-website,2026-09-18T22:36:40Z,Other,"OECS is a presentation website for a vendor-neutral, machine-readable schema used to describe and compare EV charger hardware specifications.",8583d27d57a4
ChargePi/oicp-sdk-go,2025-05-18T16:14:52Z,OICP > Libraries,"A Go HTTP client SDK for the OICP CPO API, generated from the OpenAPI specification.",bc53d7217fc8
ChargePi/open-ev-data-helm,2026-08-03T22:06:54Z,Other,"A Helm chart for deploying the OpenEV Data API, which serves an SQLite-based open electric vehicle dataset.",65cdcc673557
ChargePi/openev-data-mcp,2026-05-07T22:16:28Z,Other,An MCP server that exposes the open-ev-data electric vehicle specifications dataset as JSON resources backed by PostgreSQL.,8ae038164562
ChargePi/oscp-go,2026-09-02T20:12:37Z,Other > OSCP,A Go SDK library providing OSCP (Open Smart Charging Protocol) compatible server and client implementations generated from OpenAPI specifications.,413f9f7b1798
chargeprice/chargeprice-api-docs,2026-10-01T06:37:59Z,Other > Data Platform,"Documentation and API reference for Chargeprice, a proprietary platform providing EV charging tariffs, charging stations, operators, and market data with optional OCPI compatibility.",292f7ee9203f
chargerdojo/dojo-connect,2026-08-18T03:17:33Z,OCPI > Misc,A command-line connector that creates an outbound tunnel to forward ChargerDojo's OCPI requests to a locally running endpoint without exposing it to the internet.,e5159295b842
ChargeTimeEU/ChargeTime-HQ,2020-10-13T11:39:03Z,OCPP > Server,ChargeTime-HQ is a JavaFX application for operating EV charging equipment using OCPP.,523a467a53e3
ChargeTimeEU/Java-OCA-OCPP,2026-06-19T13:32:25Z,OCPP > Libraries,Java-OCA-OCPP is a Java library for implementing OCPP Central Systems and Charge Points with OCPP 1.6 JSON/SOAP and OCPP 2.x support.,f9990a5ce1d9
chargex-consortium/ev-charge-seq-state,2026-06-02T14:20:28Z,OCPP > Misc|iso15118 > Plug&Charge|iso15118 > Misc,"Open-source UML sequence diagrams and finite-state machine models for SAE J1772, ISO 15118, and OCPP EV charging protocol flows.",0f46a04224f1
chargex-consortium/OCPP-2.0.1-Interim-KPI-Calculator,2025-05-19T18:38:34Z,OCPP > Misc,"A Python tool that parses OCPP 2.0.1 log data and calculates aggregate interim Key Performance Indicators through sequential parsing, splitting, message analysis, and KPI computation stages.",f0440e60ac19
charinev/opnc,2025-08-14T17:54:38Z,iso15118 > Plug&Charge,"OPNC is an open-source protocol specification for trusted Plug&Charge communication and PKI ecosystem interoperability in EV charging, covering related ISO 15118 functions.",deb44422c270
charinev/unified-error-codes,2026-08-07T22:49:41Z,Other > Specification,"A draft specification standardizing error codes and diagnostics across the entire EV charging ecosystem, developed by CharIN e.V.'s Charging Communication Subgroup.",7965f78fa493
chaser-d/Green_Smart_Grid_Simulator,2026-08-06T02:31:57Z,Other,"A DuckDB and dbt-based ELT pipeline that ingests, validates, unifies, and aggregates solar, wind, and hydroelectric telemetry into financial reporting marts.",029b3d17949e
chethanbhatbs/CMS,2026-06-15T10:44:44Z,OCPP > Server|OCPP > Simulator|Other > Charging management system,"EV Charging CMS is a React and Python charge point operator management system with an OCPP 1.6 WebSocket server, live session monitoring, remote charging operations, CRM, RBAC administration, and a virtual charger for testing.",b9962ca1c3b3
ChilG/zod-ocpp,2024-08-02T07:46:30Z,OCPP > Libraries,"TypeScript library providing Zod validation schemas for OCPP 1.6J messages, requests, and responses.",6f6f6676a971
choudhary463/rocpp,2025-06-04T09:27:07Z,OCPP > Libraries|OCPP > Simulator,"ROCPP is a modular Rust implementation of OCPP 1.6 with client libraries, core protocol types, a charger simulator, and conformance tests.",27e0315391ac
citrineos/citrineos,2026-09-21T20:18:03Z,OCPP > Server|iso15118 > Misc,CitrineOS is an open source OCPP 2.0.1 Charging Station Management System software stack with modular services for handling charging station communication and CSMS functions.,53ef3045fef9
citrineos/citrineos-core,2026-09-30T19:13:02Z,OCPP > Server,An open-source OCPP 1.6 and 2.0.1 charging station management server built in TypeScript with a web-based operator UI.,3d79ea99faaa
citrineos/citrineos-ocpi,2026-09-24T20:14:55Z,OCPI > Server,"CitrineOS OCPI is a TypeScript/Node.js OCPI 2.2.1 CPO (Charge Point Operator) server implementation providing registration, sessions, CDRs, tariffs, and locations endpoints integrated with CitrineOS Core via GraphQL.",5d7e9997b724
codelabsab/ocpp-csms-server,2024-08-29T13:28:27Z,OCPP > Server,Archived OCPP 2.0.1 WebSocket server implementation for CSMS use.,1533b1e950f0
CoderSergiy/ocpp16-go,2022-08-04T17:24:36Z,OCPP > Libraries,Go library implementing OCPP 1.6 JSON communication messages with a small central system example.,25e08c4a84c5
codetics-software/electric-mobility,2026-09-30T16:19:08Z,OCPP > Misc|OCPI > Misc,"An AI-agent skill providing engineering guidance for electric mobility systems, including OCPP and OCPI implementations, charging operations, billing, and related applications.",2476289efa93
codexistente/ocpi-python,2026-09-30T05:56:42Z,OCPI > Libraries,"A Python FastAPI library for implementing the Open Charge Point Interface (OCPI) protocol, supporting versions 2.1.1, 2.2.1, and 2.3.0 with Pydantic data validation.",25edd791257a
Codivores/Laravel-OCPI-eMSP,2025-06-27T07:53:38Z,OCPI > Libraries,"Laravel package implementing OCPI 2.1.1 eMSP functionality, including CDRs, commands, credentials, locations, sessions, and versions modules.",05e8d16d928d
connected-hil/ocpp-tools,2026-09-08T08:05:19Z,OCPP > Libraries,"A TypeScript library providing OCPP 1.6J and 2.0.1 message types, RPC utilities, parsers, and schema-based validation.",a8a6ee725693
Coretech-Innovations/EEBus-Hub,2026-08-30T10:08:57Z,Other > Simulator,"EEBUS Hub is a testing and simulation framework for validating device integration and orchestrating multiple EEBUS actors (EV, EVSE, HEMS, etc.) over an EEBUS network.",b36ae44d69df
crakashp2905-hub/CyberDeception-EVSE,2026-06-15T07:29:59Z,OCPP > Simulator|Other > Security / Intrusion Detection,Research project providing an OCPP-based EVSE honeypot and machine-learning notebooks for detecting attacks on EV charging infrastructure.,07ae0bb11e0a
CreasolTech/DomBusEVSE_ha,2023-09-04T20:20:15Z,Other > Home Assistant integration,Home Assistant configuration files for using the DomBusEVSE module to build and control a DIY smart EV wallbox charging station.,9f0b20a95969
Cyb0rg42/Charger-OCPP,2026-09-09T14:34:23Z,OCPP > Server|OCPP > Simulator|OCPP > Misc,"A suite of OCPP 1.6-J services comprising a central system for managing charge points, a charge-point simulator, and a proxy for inspecting and routing OCPP traffic.",8d35dd2b4682
cz-lucas/alphatecmini-ocpp,2026-07-08T10:02:22Z,OCPP > Misc,An OCPP v1.6 firmware implementation for ESP32-S3 that wirelessly controls an Alphatec Mini EV wallbox with RFID-based authentication and tariff management.,30b5774cb367
dalathegreat/Battery-Emulator,2026-10-01T12:27:09Z,Other > Energy Storage,Embedded firmware that translates between end-of-life EV battery packs and home solar inverters to enable repurposing batteries for stationary energy storage.,ec257096788a
dallmann-consulting/OCPP.Core,2026-09-28T19:53:53Z,OCPP > Server,"OCPP.Core is a .NET OCPP server with a web UI for managing charge points, connectors, RFID tokens, transactions, and supported OCPP messages.",3a6865096889
dattaphani899-create/voltgrid,2026-04-20T21:55:05Z,,"Full-stack EV Charge Point Operator platform with OCPP 1.6, Node.js, WebSocket, SQLite and live dashboard",6b1d21fadde2
davbauer/ocpp-manager,2026-01-05T10:40:38Z,OCPP > Server,"OCPP Manager is a web-based OCPP 1.6J charging station management platform for monitoring chargers, managing RFID authorizations, and tracking charging transactions.",bb2b50a8d69c
DeepWazed/Location-based-Probabilistic-Load-Forecasting-of-EV-Charging-Sites-Transfer-Learning-with-MQ-TCN,2026-07-20T18:52:24Z,Other > Forecasting,A Python research implementation of a multi-quantile temporal convolutional network for probabilistic EV charging demand forecasting with transfer learning.,3ec55215358c
DeltaVetal26/SteVe-OCPP-HTTP-Client,2023-10-07T11:04:20Z,OCPP > Misc,A PHP HTTP client that automates SteVe OCPP web interface commands for managing connected charging points.,32e911e69540
DigitalCurrensy/bayline,2026-09-24T20:55:04Z,OCPP > Misc,"Bayline validates charger fault events, locks the affected charger, and creates a repair job in Loadclear while rejecting invalid or duplicate fault and status updates.",00ef0aede2c2
DigitalCurrensy/module-kinetic-ltd,2026-10-01T02:44:49Z,OCPP > Misc,A Python validation workflow for EV charging-station fault reports that runs seven ordered checks before recording a fault as cleared.,d301d4ec470b
digitaltwinconsortium/iot-edge-ocpp-central-system,2025-05-09T19:43:42Z,OCPP > Server,Azure IoT Edge Docker module implementing an OCPP 1.5/1.6 Central System server that communicates with charge points and publishes telemetry to MQTT/Azure IoT Hub.,7726e05cbbde
digitaltwinconsortium/OCPP-Charging-Dashboard,2023-06-27T11:20:30Z,OCPP > Misc,Dockerized Azure web dashboard for displaying EV charging station status using the OCPP data model.,0bb11eb34230
DJBenson/GivEVC-OCPPv2,2026-05-05T14:50:52Z,OCPP > Server,"Self-hosted OCPP 1.6J portal that replaces the GivEnergy cloud for managing GivEnergy EV chargers, including live monitoring, charging control, scheduling, RFID management, firmware updates, and API access.",6b41b13c5a49
donadelden/EVExchange,2021-11-02T14:44:16Z,iso15118 > Misc,"EVExchange provides tools, scripts, testbed configurations, and countermeasure materials for studying an ISO 15118/V2G EV charging attack.",3c8e73988fe5
dreak/ocpp-central-system,2026-06-01T01:28:12Z,OCPP > Server,"OCPP 1.6 central system with a NestJS WebSocket backend and React dashboard for managing EV charge points, transactions, and tags.",
DrVelvetFog/x402-charging-agent,2026-09-21T13:50:09Z,OCPI > Misc|Other,"A TypeScript demo for autonomous EV charging payments that meters actual energy usage, settles the amount through x402 on Sui or Solana, and binds the settlement receipt to an OCPI charging-detail record.",e1ccb34d8e40
dspace-group/dsV2Gshark,2026-08-18T11:47:34Z,iso15118 > Misc,"dsV2Gshark is a Wireshark plugin for decoding and analyzing ISO 15118, DIN 70121, and related V2G communication between EVs and charging stations.",cdd32606a03f
dumanburak/ocpp-client-demo,2025-10-10T11:20:52Z,OCPP > Simulator,A Python asyncio demo OCPP 1.6J charge point client that simulates charging station workflows over WebSocket for testing CSMS implementations.,a96f52765af2
dzurikmiroslav/esp32-evse,2026-08-05T02:57:26Z,Other > EVSE firmware,"ESP32 EVSE is J1772 charging station firmware with web control, OTA updates, metering, REST, Modbus, scripting, and hardware abstraction.",433d701597c9
e-clearing-net/OCHP,2024-05-02T16:33:11Z,Other > Clearing House Protocol,Open Clearing House Protocol is a protocol specification for connecting electric mobility charging infrastructure market actors.,4f9f018cf325
EcoG-io/iso15118,2026-06-25T14:37:44Z,iso15118 > Misc,"Python implementation of the ISO 15118-2, ISO 15118-20, and ISO 15118-8 communication protocols with SECC and EVCC components.",
ecog-io/iso15118,2026-09-07T07:17:16Z,iso15118 > Plug&Charge,"A Python implementation of ISO 15118-2, -20, and -8 for electric-vehicle charging communication, including EVCC/SECC components and certificate tooling.",980c8b95c2e0
ecog-io/pyslac,2026-09-03T10:43:00Z,iso15118 > Misc,A Python implementation of the Signal Level Attenuation Characterisation (SLAC) protocol specified in ISO 15118-3 for establishing EV-to-EVSE communication sessions.,aaa070bf5795
Ecognize/openv2g,2021-01-30T06:44:27Z,iso15118 > Libraries,OpenV2G implements core ISO 15118 and DIN 70121 V2G communication codecs and interfaces for EV charging systems.,8236a5c178a2
ekkehard-lutz/wallbox-manager,2026-09-29T21:14:32Z,OCPP > Server,"A Home Assistant custom integration that manages EV charging stations through an OCPP listener and exposes charging, metering, diagnostics, and session data.",5e502f75f5b3
elifTech/cpd-ocpp,2022-12-06T21:47:08Z,OCPP > Libraries,"JavaScript library providing an abstraction layer, client/server helpers, and request validation for OCPP 1.6 JSON.",c24ac8efb01a
elifTech/ocpp-tester,2019-05-22T06:10:42Z,OCPP > Server,A hosted OCPP dashboard/server endpoint for connecting charging points by charge point ID.,a2f480cc7d0f
eliodecolli/Medinilla,2026-09-07T21:28:37Z,OCPP > Server,Medinilla is an ASP.NET Core CSMS backend implementing selected OCPP messages for managing EV charging station connections and transactions.,17c07f541313
eliodecolli/ocpp-test-cases,2026-03-20T21:14:36Z,OCPP > Misc,"AI-generated test cases for base OCPP 2.0.1 implementations, with scripts and prompts used to extract protocol text and generate additional cases.",d58cae22e077
elton-saraci/ocpp-central-system,2026-09-20T23:15:20Z,OCPP > Server,"Spring Boot OCPP 1.6 central system for managing EV charge stations over WebSockets with transaction handling, status monitoring, remote commands, and REST APIs.",c4db3b383691
elton-saraci/ocpp-charge-point-simulator,2026-09-21T00:28:51Z,OCPP > Simulator,A Java Spring Boot OCPP charge point simulator that connects to a configured central system and exposes local API documentation.,df2e2b36665d
elumobility/elu-twins,2024-09-12T21:03:57Z,OCPP > Simulator|OCPP > Server|Other > Vehicle Simulator,"ELU Twins is an e-mobility simulation toolkit for creating virtual OCPP charge points, vehicles, and test CSMS interactions.",96e34e08d33e
elumobility/ocpi-python,2026-06-30T06:48:17Z,OCPI > Libraries,"OCPI Python is a FastAPI and Pydantic v2 implementation of the OCPI protocol supporting versions 2.3.0, 2.2.1, and 2.1.1 for CPO, EMSP, and PTP roles.",48f9f995f55c
Emulate-Energy/EDAP,2026-09-25T14:20:12Z,Other > Libraries,EDAP (Energy Device Aggregation Protocol) Python library providing base classes and trigger logic for implementing cloud-based energy device control with low-latency access.,19298b881619
enbility/cemd,2024-06-29T14:30:56Z,Other > EEBUS energy management,cemd is a deprecated Go EEBUS Central Energy Manager implementation for home energy management and EV charging use cases.,83028f71199b
enbility/eebus-go,2026-09-30T17:04:58Z,Other > EEBUS,Go library implementing EEBUS/SHIP/SPINE protocols for device communication and energy management systems.,9537a9570e15
enbility/ship-go,2026-09-28T11:06:50Z,Other > EEBUS SHIP Libraries,"A Go library implementing the EEBUS SHIP 1.0.1 protocol, including device pairing, authentication, discovery, connections, and handshakes.",d45ec36b7a15
enbility/spine-go,2026-09-21T14:59:09Z,Other > EEBUS/SPINE Libraries,A Go library implementing the EEBUS SPINE 1.3 protocol for communication with EEBUS devices.,1c0ab342e1c9
endland/sniffer-iso15118vse,2019-11-04T10:01:46Z,iso15118 > Misc,A modified Wireshark dissector for inspecting ISO 15118-8 vendor-specific elements in Wi-Fi management frames used by EVCC and SECC during wireless EV charging association.,700d2f136ff4
endland/wifi15118,2019-10-22T20:45:02Z,iso15118 > Misc,"Software and shell scripts that implement ISO 15118-8 wireless EVCC and SECC discovery, compatibility-based association, and communication over 802.11 Wi-Fi.",1206259b0919
energychain/corrently-charge,2024-01-10T04:23:26Z,OCPP > Misc,"Corrently Charge is a Node.js tariff evaluation module that selects EV charging tariffs based on charging goals, time, and energy mix and applies them through a scheduler connection to a CPO backend via OCPP.",1cc965ce1365
energywebfoundation/ocn-bridge,2022-04-07T02:09:37Z,OCPI > Server,OCN Bridge is a TypeScript/JavaScript OCPI bridge that connects pluggable CPO or EMSP backoffice APIs to an Open Charging Network node and registry.,c6cac0824e68
energywebfoundation/ocn-node,2024-12-23T22:47:30Z,OCPI > Server,Open Charging Network Node is a Kotlin/JVM server that brokers OCPI 2.2 eRoaming requests between EV charging platforms in the decentralized OCN network.,4fd573f15aae
energywebfoundation/ocn-registry,2022-06-13T11:10:56Z,OCPI > Misc|Other > Blockchain registry,"Ethereum smart contracts for registering Open Charging Network nodes, OCPI parties, and service permissions.",3b144c21ade4
energywebfoundation/ocn-tools,2022-04-26T11:36:17Z,OCPI > Simulator,Open Charging Network Tools provides mock OCPI MSP and CPO servers for developing and registering OCN-based applications.,b790934af347
erik73/app-steve,2026-09-03T10:45:00Z,OCPP > Server,SteVe OCPP charging server packaged as a Home Assistant add-on for communication with charge points.,ac615a35e6e4
esiebert/v16-fcs,2025-06-23T14:15:39Z,OCPP > Simulator,Fake Charging Station is a Python OCPP 1.6 charging station simulator with an API for controlling charger behavior and testing CSMS edge cases.,8055973767cc
etalab/schema-irve,2026-09-24T06:48:57Z,Other > Specification,"TableSchema specification for standardizing static and dynamic data (location, technical specifications, operational status, availability) of French EV charging infrastructure.",88a0e744202a
ev-map/EVMap,2026-09-05T21:02:56Z,Other > App,"Android mobile application for discovering and mapping EV charging stations with real-time availability, search, filtering, and navigation features.",66008a185977
eva-sean/oye-proxy,2026-02-06T13:36:14Z,OCPP > Server|OCPP > Misc,"OYE OCPP Proxy is a Node.js OCPP proxy that sits between EVSE chargers and a CSMS to monitor, log, inject commands, and optionally provide basic standalone charging control.",fe132aad0710
evbox/station-simulator,2024-02-27T13:48:08Z,OCPP > Simulator,OCPP Station Simulator is a Java tool and library for simulating OCPP charging stations that connect to a CSMS over WebSocket.,37aab1033bce
evcc-io/evcc,2026-10-01T12:11:41Z,Other > Charge Management,"evcc is an extensible open-source home energy management system that orchestrates EV charging with solar production via OCPP, EEBus, and 100+ charger integrations.",e2d65374c9a9
EVerest/EVerest,2026-10-01T12:30:48Z,OCPP > Misc|iso15118 > Misc,EVerest is an open-source modular software framework for building full-stack EV charging infrastructure supporting OCPP 1.6/2.0.1/2.1 and ISO 15118.,2732d68a4394
EVerest/EVerest-archived,2026-03-16T11:19:30Z,Other,Archived repository whose content has moved to the main EVerest repository.,4df46be83922
EVerest/everest-framework,2025-12-04T16:05:14Z,Other,"EVerest Framework manages module dependencies, validates module configuration against manifests, and launches EV charging system modules that communicate over a wrapped MQTT protocol.",88a93820e3e1
EVerest/libiso15118,2026-02-17T06:30:14Z,iso15118 > Libraries,"C++ library suite implementing ISO 15118-20 communication for EV charging, with ISO 15118-2 and DIN 70121 support planned through related EVerest modules.",162d2aab72f7
EVerest/libocpp,2026-04-27T14:48:20Z,OCPP > Libraries,"libocpp is an archived C++ library implementing OCPP 1.6, 2.0.1, and 2.1 for integration with charging station firmware.",42d707055e54
eveys-mobility/Console,2026-07-03T16:39:43Z,OCPP > Console,"eveys-console is a protected operator web console for inspecting, diagnosing, and controlling OCPP chargers through an existing OCPP gateway using Kafka-backed live updates and REST mutations.",26a1ed927c5c
eveys-mobility/OCPP,2026-09-16T08:28:16Z,OCPP > Server,"An OCPP-J 1.6/2.0.1 CSMS gateway that manages EV charging station WebSocket connections and exposes REST, gRPC, and Kafka event interfaces.",3fe949087b0f
eveys-mobility/Simulator,2026-07-01T06:23:25Z,OCPP > Simulator,"cOCPP Charge-Point Simulator simulates one or many OCPP 1.6 charging stations via a web UI to test, debug, load-test, and validate CSMS back-office behavior.",c971102a4faa
evlinked/ocpi-rs,2026-09-07T14:45:12Z,OCPI > Libraries,"A Rust library providing typed models, async client, and server traits for implementing the OCPI (Open Charge Point Interface) protocol across all versions from 2.0 to 2.3.0.",49d2fa054808
evlinked/ocpp-rs,2026-09-28T18:02:46Z,OCPP > Libraries|OCPP > Server|OCPP > Simulator,A production-grade Rust library implementing OCPP 1.6J and 2.0.1 with integrated CSMS server and Charge Point simulator for conformance testing and observability.,31eb2efc94e3
evorada/browser-ocpp-client,2022-04-15T11:08:08Z,OCPP > Libraries,Browser-compatible TypeScript client library for implementing OCPP 1.6 charge point communication over WebSocket.,ab13d7435588
evorada/ocpi-types,2026-06-10T09:28:30Z,OCPI > Libraries,"ocpi-types provides auto-generated OCPI protocol type definitions for Go, Python, Rust, and TypeScript across multiple OCPI versions.",05fa94299399
EVtivity/evtivity-csms,2026-10-01T09:12:38Z,OCPP > Server|OCPI > Server|iso15118 > Plug&Charge,"EVtivity CSMS is a TypeScript charging station management system that manages EV charging infrastructure through OCPP 1.6/2.1 station communication, OCPI roaming, ISO 15118 Plug and Charge, REST APIs, and operator/driver web frontends.",ecd30faaf99e
EVtivity/evtivity-csms-cdk,2026-10-01T10:14:03Z,OCPP > Server|OCPP > Simulator|OCPI > Server,"AWS CDK infrastructure for deploying the EVtivity charging station management system on AWS, including its OCPP and OCPI servers and an optional charging station simulator.",741cb5ce877b
EVtivity/evtivity-csms-helm,2026-10-01T09:27:48Z,OCPP > Server|OCPI > Server,"Helm chart for deploying the EVtivity CSMS, including OCPP and OCPI services, on Kubernetes.",fe53bfc565cb
EVtivity/evtivity-ev-tester,2026-09-27T18:22:40Z,Other > J1772 EV-side charging simulator,An open-source hardware and firmware project that simulates an electric vehicle’s SAE J1772 AC charging signals for testing EVSEs and charging backends without drawing power.,04bd3ffa0af0
EVtivity/evtivity-mobile-app,2026-09-27T20:53:36Z,OCPP > Misc|Other,Native iOS and Android driver app for the EVtivity EV charging platform that connects to its REST API for branded driver portal functionality.,194086454e7f
extrawest/BDD-Charge-Point-Tester-via-OCPP-J-,2023-03-17T11:53:57Z,OCPP > Simulator,Java/Spring Boot Cucumber-based OCPP 1.6J simulator and BDD test tool for exercising charge point and central system message flows.,ae226c084830
extrawest/bdd_ocpi_2.2.1_emsp,2023-12-06T14:53:08Z,OCPI > Simulator,A Cucumber-based BDD test suite that simulates OCPI 2.2.1 CPO requests to verify eMSP server protocol compliance.,99f18c05c493
extrawest/Charge-Point-Simulator-via-OCPP-2.0.1,2023-03-07T11:48:16Z,OCPP > Simulator,A Java Dockerized simulator that emulates multiple OCPP 2.0.1 charge points over WebSocket for testing and load testing central systems.,e5e9c16c2b9e
extrawest/Extrawest-OCPI-2.2.1-CPO-Client,2023-11-23T11:33:33Z,OCPI > Libraries,Java client library generated from OpenAPI for calling an OCPI 2.2.1 CPO Server API.,9f9eb7eb13a3
extrawest/Extrawest-OCPI-2.2.1-CPO-Server,2024-03-11T12:29:30Z,OCPI > Libraries,"Java library for implementing an OCPI 2.2.1 Charging Point Operator server using reusable models, interfaces, controllers, and APIs.",66d49e2997c2
extrawest/Extrawest-OCPI-2.2.1-EMSP-Client,2023-12-06T11:11:26Z,OCPI > Libraries,Java client library generated from OpenAPI for calling an OCPI 2.2.1 eMSP server API.,4d369e91e428
extrawest/Extrawest-OCPI-2.2.1-EMSP-Server,2024-02-29T21:54:51Z,OCPI > Libraries,"Java library for implementing an eMSP OCPI 2.2.1 server using reusable models, controllers, and related components.",e8796a8916ac
extrawest/extrawest_ocpi,2025-07-16T06:34:43Z,OCPI > Libraries,Extrawest OCPI is a FastAPI-based Python implementation of the OCPI protocol supporting versions 2.2.1 and 2.1.1.,f8eca05f3f23
extrawest/ocpp-node-ts,2023-09-14T06:54:42Z,OCPP > Libraries,TypeScript library implementing OCPP 2.0.1 JSON client and central system communication over WebSockets.,ec35efdfd024
fabyr/ocpp-sharp,2026-06-13T18:51:00Z,OCPP > Libraries,"ocpp-sharp is a C#/.NET library for implementing OCPP 1.6 and 2.0.1 message handling, server setup, and example client/server communication.",3d06de17e6bd
feightree/gocpp,2026-08-18T19:14:52Z,OCPP > Libraries,"gocpp is a Go library providing validated types and message definitions for OCPP 1.6, 2.0.1, and 2.1.",263b81e20cf4
flashg1/evSolarCharger,2026-02-11T03:33:12Z,OCPP > Misc|Other > Home Assistant automation,"Home Assistant blueprint that controls EV charging via OCPP and EV-specific APIs to use surplus solar energy, schedules, and weather forecasts.",78c476ac70a8
flashg1/SolarCharger,2026-09-28T12:28:55Z,Other > Home Assistant Integration,Home Assistant custom integration that automatically charges electric vehicles from surplus solar energy with dynamic current adjustment.,d1766c513599
FlipSoftware/moovolt-csms,2025-11-04T23:03:18Z,OCPP > Server,Moov.olt is a Rust-based OCPP central system for managing EV chargers through a charging point service and a management server connected via AMQP.,5f5b0f057b96
FlipSoftware/moovolt-mvp,2024-09-19T22:38:30Z,OCPP > Server,"MOOV.OLT is an OCPP-based CSMS with a charge point service for WebSocket communication with physical chargers and a management system for permissions, charging control, and payments over AMQP.",171b5d281415
flowionab/charge-point-simulator,2026-08-19T20:54:26Z,OCPP > Simulator,"Flowion Charge Point Simulator is an open-source Rust application that emulates EV charge points using OCPP 1.6J, with OCPP 2.0.1 and 2.1 implementations in progress, for testing and validating charging infrastructure.",250478eb946d
flowionab/ocpp-charge-point,2026-09-24T02:34:55Z,OCPP > Libraries,Rust library for building OCPP 1.6 and 2.0.1 compliant EV charge points and managing communication with central systems.,cad1c45d9347
flowionab/ocpp-client,2026-09-17T06:45:00Z,OCPP > Libraries,ocpp-client is a Rust library for implementing OCPP 1.6 and 2.0.1 client communication with CSMS servers.,5c8c0d018b8c
flowionab/ocpp-types,2026-09-16T15:44:04Z,OCPP > Libraries,"A strongly typed, no-std Rust library providing OCPP 1.6J, 2.0.1, and 2.1 request and response message types generated from official JSON schemas.",8ae6b0da5309
FlUxIuS/V2GInjector,2024-12-19T10:09:03Z,iso15118 > Misc|Other > Security testing,"V2GInjector is a tool for capturing, decoding, and injecting V2G packets on HomePlug Green PHY powerline networks used between electric vehicles and charging stations.",e43d3fe7bfc1
fneum/ev_chargingcoordination2017,2018-06-09T19:27:43Z,Other > Optimization,A research codebase for robust cost-minimizing day-ahead scheduling of residential electric vehicle charging in low-voltage distribution networks under uncertainty.,bece3148d243
formidablae/EV_Route_Planner,2024-04-08T13:30:14Z,Other > Route planner,"A Vue.js web app that plans electric vehicle routes with charging-station stops based on vehicle range, departure, and destination using OpenChargeMap and OpenStreetMap data.",6fe5c88675d9
foxriver76/ioBroker.ocpp,2023-02-09T23:14:06Z,OCPP > Server,ioBroker.ocpp is an ioBroker adapter for connecting and controlling OCPP 1.6-compatible wallboxes.,28c1dc08c0b9
fransiscuss/EVFirmwares,2024-10-30T01:06:31Z,Other > EV charger firmware,An archive of EV charger firmware organized by device type.,63b68acfda46
fransiscuss/greenflux-dotnet,2026-10-01T04:58:07Z,OCPI > Libraries|Other,"An unofficial strongly typed .NET SDK for accessing Greenflux CPMS platform, charge-location, remote-command, and charge-assist APIs.",601ba2212df2
fransiscuss/greenflux-node,2026-10-01T06:42:50Z,Other > CPMS API Client/SDK,"An unofficial TypeScript/Node.js SDK for accessing Greenflux CPMS APIs, including charge assistance, platform, location management, and remote command services.",4eee07190a7e
GallardoNr1/evLoggerV2,2026-04-21T09:49:19Z,Other,An application for tracking electric vehicle charging sessions.,729d80ab2b64
GeiserX/Pumperly,2026-10-01T11:15:23Z,Other > Route Planner,An open-source route planner combining real-time fuel prices and EV charging station data with detour-aware corridor filtering across 36 countries.,8efc14f8a08c
gennadiygnezdilov/ocpp-1.6J-example-request-response,2024-08-08T07:03:25Z,OCPP > Misc,Example OCPP 1.6J JSON request and response messages for implementing charging station to server communication.,b6c0e5ee2789
gennadiygnezdilov/php-ocpp-1.6J,2024-08-09T04:54:10Z,OCPP > Server,A PHP WebSocket server script for handling OCPP 1.6J communication with EV charging stations using Ratchet and MySQL.,949d3280b94c
geraldkombo/albedo,2026-03-21T16:18:17Z,Other > Carbon accounting,"ALBEDO is a Laravel carbon accounting platform that calculates, aggregates, and prepares registration documents for emission reductions from Kenyan e-mobility fleets.",6a261224051c
gerritnowald/electric-car-tools,2026-08-21T18:14:22Z,Other > Cost and travel estimation,Electric car tools provides Tkinter/matplotlib and HTML/JavaScript calculators for estimating EV travel time with DC charging and comparing annual EV versus combustion vehicle operating costs.,c6f3564c6897
gertjana/ocpp-backend,2025-11-11T15:44:05Z,OCPP > Server,"An Elixir/Cowboy backend server for OCPP 1.6 charge point operations with limited OCPP 2.0 heartbeat support, a dashboard, and an API for sending charger commands.",ff27fcbd48bd
ges0909/ocpp-charge-point-simulator-dashboard,2024-11-03T21:13:20Z,OCPP > Simulator,"A Deno, Vue, and Vuetify dashboard project for simulating an OCPP charge point.",00de6731e03b
gio-del/eMall,2023-06-06T18:21:04Z,OCPP > Server|Other,"eMall is a JavaScript web application for EV drivers and charging point operators to find, book, monitor, and manage charging points, including OCPP communication with chargers.",e2741b9011a2
GLCharge/ocpi,2024-04-19T12:27:31Z,OCPI > Libraries,Go client libraries generated from OpenAPI specifications for interacting with OCPI protocol APIs.,1cba27b44694
GLCharge/oicp-client-go,2024-04-19T12:28:15Z,OICP > Libraries,Go client libraries/SDK generated from OpenAPI specifications for the Open Intercharge Protocol.,4353507ea0f2
glurp/avere-advenir-json-generator,2018-06-14T13:36:07Z,OCPP > Misc,A Ruby script that generates charging curve and charging session data from OCPP 1.5 JSON logs and sends it to advenir.mobi over HTTPS.,a55ef3138c4d
glurp/dynamicReverseProxy,2021-09-09T15:55:33Z,,Exemple of a solution for dynamic Http/WS reverse proxy with nginx and /etc/hosts manipulation,8ac763cc498b
glurp/ocpp_simulator,2018-06-26T20:15:44Z,OCPP > Simulator,"ocpp_simulator is a Ruby gem for simulating OCPP charge points, central-system commands, and fleets using SOAP XML templates.",15c72bf0866d
GNLT-EV/gnlt-home-assistant,2026-09-27T19:08:58Z,OCPP > Server,A Home Assistant integration that connects to GNLT EV chargers over a local network using OCPP 1.6J to monitor and control charging.,10d3d4bb5323
GreenCharge/gcsimulator,2022-02-10T13:06:10Z,Other > Smart-energy simulation,GreenCharge Simulator is a containerized discrete-event simulation platform for modeling smart energy neighborhoods and integrating energy management schedulers.,4f8b372e0328
gregszalay/ocpp-charging-station,2022-10-14T14:43:31Z,,Charging Station firmware for electric vehicles - OCPP 2.0.1. compliant,587dcef677fc
gregszalay/ocpp-csms,2023-02-11T12:14:27Z,OCPP > Server,"A microservice-based OCPP 2.0.1 charging station management system with WebSocket communication, selected OCPP message handling, REST management APIs, and GCP Pub/Sub/Firestore integration.",ddd4bcce0610
gregszalay/ocpp-csms-common-types,2022-10-14T16:08:15Z,OCPP > Libraries,Common type definitions for a custom OCPP-based Charging Station Management System.,f7730dd7c659
gregszalay/ocpp-csms-frontend,2022-10-10T20:50:00Z,OCPP > Server,A frontend for an OCPP charging station management system currently under development.,f23f3a7ed85c
gregszalay/ocpp-messages-go,2024-10-13T22:41:27Z,OCPP > Libraries,Go data types for OCPP 2.0.1 message wrappers and payloads generated from JSON schemas.,29af5a6ef73b
gtfs4ev/gtfs4ev,2026-08-21T09:10:40Z,Other > Simulator,Python framework that simulates electric bus fleet operations and charging demand using GTFS transit data to support electrification planning and infrastructure analysis.,8036c909bc97
GuillaumeBraillon/EV-Charge-Tracker,2026-09-03T14:24:20Z,Other,"A progressive web app for recording, analyzing, estimating, and comparing electric vehicle charging costs, including tariffs, subscriptions, and vehicle data integrations.",cd46d67475bd
gyzod/ocpp2mqtt,2026-09-19T14:50:07Z,OCPP > Misc,An OCPP 1.6 to MQTT gateway that bridges charging stations with home automation systems through protocol translation.,5428c63b51e8
h-waldschmidt/olsp,2024-03-20T15:18:36Z,Other > Charging station placement optimization,OLSP is a C++ benchmark tool for optimizing electric-vehicle charging station placement on road graphs using hierarchical hub labeling.,bf9da17f97fe
Hamza-nabil/ocpi-tariffs-py,2026-01-12T19:18:12Z,OCPI > Libraries,"Python library for calculating and validating OCPI 2.2.1 EV charging tariffs against CDRs, including tariff dimensions, restrictions, time zones, and step-size rounding.",10ae6fd41895
HarshBhardwaj/gridradar-ha,2026-07-23T18:50:46Z,Other > Home Automation,Home Assistant integration that discovers GridRadar EV chargers via REST API and exposes them as native HA devices with live sensors and control actions.,768806867300
henrikekblad/spotnav-home-assistant,2026-10-01T08:59:20Z,Other > Home Assistant integration,"A Home Assistant integration that schedules and controls EV charging based on electricity spot prices, solar surplus, departure targets, and site power limits.",81f2b9689ee9
hilman2/easy-ocpp,2026-09-02T10:26:31Z,OCPP > Server,"A self-hosted Rust-based OCPP 1.6J and 2.0.1 central system manages EV charging stations, RFID users, charging limits, transactions, and reports using SQLite storage and a web interface.",75a31961d765
hlsxx/ocpp-charge-point-simulator,2026-05-22T19:46:10Z,OCPP > Simulator,A Rust CLI simulator for testing OCPP 1.6 backends by emulating configurable charge points in automated or idle modes.,13352b742f62
hpxix/Aviator-Beta,2024-11-28T18:01:30Z,OCPP > Server,"Aviator is a TypeScript/Node.js server runtime for managing EV charging infrastructure with OCPP 2.0.1 message routing, validation, and modular endpoints.",eb2efc7519c5
hsperker/conversational-websocket-server,2018-02-08T21:11:51Z,OCPP > Misc,A Spring Boot JSR-356 WebSocket server with a command-line shell for listing connected clients and sending broadcast or unicast messages.,cf8a7b1b0a68
hubject/oicp,2026-06-17T14:43:19Z,OICP > Misc,"Repository containing the open-source Open InterCharge Protocol (OICP) specifications, release documents, and related Hubject policy information.",
hubject/opcp,2026-04-02T11:02:45Z,iso15118 > Plug&Charge,"Open Plug&Charge Protocol is an open protocol specification for creating, transferring, signing, and interoperating Plug&Charge certificate and contract information based on ISO 15118.",da0059b999a7
humoge7502/VoltHub-CSMS,2026-09-26T15:33:07Z,OCPP > Server|OCPP > Simulator,"An EV charging management platform that uses an OCPP 1.6J gateway and simulator fleet, Oracle for billing and reservations, TimescaleDB for telemetry, and a Next.js operations console.",7c2d64541bba
hupe1980/emob,2026-09-15T20:58:35Z,OCPP > Server|OCPI > Server|iso15118 > Plug&Charge|OICP > Server|Eichrecht > Misc,"An open-source Rust e-mobility operating stack providing a CSMS, roaming services, Eichrecht evidence handling, Plug&Charge validation, and charging-session billing.",6dfc751f8d02
hupe1980/iso15118,2026-09-13T15:39:59Z,iso15118 > Plug&Charge|iso15118 > Misc,"A pure-Rust, `no_std`-capable library implementing ISO 15118 vehicle-to-grid communication, including EXI encoding, session engines, charging message sets, and Plug & Charge support.",4f7c232f903b
hupe1980/ocpi-kit,2026-09-15T19:12:00Z,OCPI > Libraries|OCPI > Server,"A Rust toolkit implementing OCPI data models, transport, client and server components, roaming-hub functionality, tariff analysis, and a CLI for EV roaming integrations.",c59385e92479
hupe1980/ocpp-kit,2026-09-15T19:03:14Z,OCPP > Libraries,"A Rust toolkit implementing OCPP 1.6J, 2.0.1, and 2.1 over JSON/WebSocket for charging stations, CSMS backends, and local controllers.",fc35361c42d6
hupe1980/openadr,2026-09-14T09:23:17Z,Other > OpenADR,"A Rust crate implementing OpenADR 3.1 with a VTN server, VEN runtime, and typed client.",054ce35575a9
hyndex/node-ocpi,2023-12-26T22:19:09Z,OCPI > Libraries,node-ocpi is a Node.js library providing OCPI data models and validation utilities for EV charging applications.,bed847cc6314
hyndex/OCPIPyBridge,2023-12-26T22:31:13Z,OCPI > Libraries,OCPIPyBridge is a Python library providing Pydantic models and validation for OCPI entities used in EV charging applications.,e1dce832d608
I-Love-OCPP/Charge-Point-Simulator,2026-05-03T01:05:02Z,OCPP > Simulator,A React + TypeScript + Vite web framework for simulating EVSE (charging point) operations.,def8258193dd
I-Love-OCPP/sdk-1.6j,2026-05-02T01:12:30Z,OCPP > Libraries,Kotlin SDK providing OCPP 1.6 JSON protocol message handling and dispatcher for implementing an OCPP Central System.,0ba25df1a747
iaewing/ev-charge-tracker,2025-06-01T23:26:07Z,Other,"An iOS and web application for recording electric vehicle charging sessions, locations, costs, energy use, and related efficiency analytics.",4813a9e480fd
iceccarelli/derim-middleware,2026-06-19T15:09:19Z,OCPP > Misc|Other,"DERIM is an open-source middleware platform that integrates, normalizes, monitors, controls, and simulates distributed energy resources such as solar inverters, battery storage systems, and EV charging stations for smart-grid applications.",d8ab50f1614f
iclay/ocpp,2022-06-23T02:04:46Z,OCPP > Libraries,Go network communication library implementing OCPP 1.6 for charger-to-central-system communication with plugin-based active and passive handlers.,54561d9023e0
IdahoLabUnsupported/OCPP-2.0.1-Interim-KPI-Calculator,2026-06-18T20:07:22Z,OCPP > Misc,"An archived toolchain parses OCPP 2.0.1 logs, splits them by device, extracts message fields, and calculates aggregate Interim KPIs.",a3f8a067b37a
IHomer/scala-ocpp,2024-05-27T11:35:55Z,OCPP > Libraries,"Scala libraries implementing OCPP message models, JSON serialization, and OCPP-J RPC connections for charge point and central system communication.",628771daf1ef
iobroker-community-adapters/ioBroker.kecontact,2026-10-01T05:47:54Z,Other > Home Automation Adapter,"An ioBroker home automation adapter for controlling KEBA KeContact and BMW i wallboxes via UDP protocol, with photovoltaic surplus charging and battery storage integration.",1e6dab2003b3
ishandutta2007/Awesome-Electric-Vehicle-Charging-Management,2026-09-27T20:06:01Z,Other > Curated list,"A curated directory of commercial and open-source electric vehicle charging management platforms and projects covering CSMS/CPMS, OCPP, OCPI, ISO 15118, smart charging, and vehicle-to-grid integration.",0a16bc5ceadb
ishandutta2007/Awesome-EV-Charging-Management,2026-08-22T11:13:47Z,Other > Awesome list|OCPP > Misc|OCPI > Misc|iso15118 > Plug&Charge|OICP > Misc|Other > Smart charging,"A curated directory of commercial and open-source EV charging management platforms, software projects, and related charging protocols.",f06c8240845e
IZIVIA/ocpi-toolkit,2026-08-05T13:01:50Z,OCPI > Libraries,A Kotlin library implementing the OCPI 2.2.1 protocol standard for electric vehicle charging infrastructure communication with framework-agnostic transport and persistence abstraction.,9347566fbc0e
IZIVIA/ocpp-toolkit,2026-09-10T12:13:16Z,OCPP > Libraries,"A Kotlin library providing OCPP protocol implementation for both Charging Station and CSMS roles, supporting versions 1.5, 1.6, and 2.0.1 with WS/JSON and SOAP transport.",91588eab755c
jacoscaz/typed-ocpp,2026-09-14T18:01:05Z,OCPP > Libraries,"A TypeScript library for type-aware validation of OCPP 1.6, 2.0, and 2.1 messages against official JSON schemas.",c26f17b849ca
jagwarthegreat/EVerythingcharge,2024-03-21T19:16:59Z,OCPP > Server,"OCPP management system for CPOs that manages OCPP 1.6 and 2.0.1 charge point connections through scalable API, worker, RabbitMQ, and PostgreSQL services.",8b3cdecb18d8
JavaIsJavaScript/OCPP-1.6-CP-Simulator,2019-01-18T10:21:30Z,OCPP > Simulator,Node.js command-line simulator for testing OCPP 1.6 charge point and central system message flows.,9f7665e33bbd
JavaIsJavaScript/OCPP-2.0-CP-Simulator,2024-01-02T15:35:28Z,OCPP > Simulator,A simple OCPP 2.0 charge point simulator for connecting a registered charge point to a configured endpoint.,23f53e48fb2a
JavaIsJavaScript/OCPP-J-CP-Simulator,2018-05-14T11:36:06Z,OCPP > Simulator,OCPP-J-CP-Simulator is a simple charge point simulator for registering and testing against an OCPP 1.6 endpoint.,a30665e958f2
javierojan/askacharge-mcp,2026-09-16T23:37:47Z,OCPP > Server|Other > MCP server,A hosted MCP server that lets AI agents monitor and control EV charging networks through a CSMS using OCPP.,ea1fa380b876
javierojan/askacharge-python,2026-07-05T09:41:12Z,OCPP > Libraries|OCPI > Libraries,"Python SDK for the askacharge.com EV charging platform API, providing access to chargers, charging sessions, and signed webhook verification for an OCPP/OCPI-based CSMS.",679e98055e7b
javierojan/awesome-ocpp,2026-09-11T09:18:27Z,OCPP > Misc|OCPI > Misc,"A curated list of open-source software, standards, and other resources for OCPP-based EV charging systems, including CSMS servers, client libraries, simulators, firmware, and OCPI roaming tools.",83bde8a8a952
Jaypatelbond/ocpp-kotlin,2026-06-01T06:50:20Z,OCPP > Libraries,OCPP Kotlin is a Kotlin/Android client library for implementing OCPP 1.6 and 2.0.1 communication in EV charging station applications.,f19c6ac7993e
jedifr/ha-plugchoice,2026-09-23T14:06:54Z,OCPP > Misc,"A custom Home Assistant integration for discovering and remotely managing Plugchoice electric vehicle chargers through its OCPP 1.6J API, with monitoring and multi-charger load-balancing features.",20c39be8b90c
jeroentrappers/charging,2026-09-08T03:37:47Z,OCPI > Server|Other > EV charger discovery and price comparison,A web service aggregates public EV-charging data from European national access points and ranks nearby available chargers by estimated charging cost and detour while providing price history and driver reports.,d6e7fa95b52a
jerthermit/charge-hermitedge,2026-09-17T11:13:50Z,OCPP > Misc|Other,"Charge is a full-stack EV charging application for Philippine drivers and charging-network operators that provides station discovery, navigation, payment and charging-session workflows, network management, and bounded AI assistance using synthetic station data.",1a5b865a516b
JFK344/ioBroker.evsewifi,2023-11-18T15:23:52Z,Other > Smart Home Integration,ioBroker.evsewifi is an ioBroker adapter that reads and controls data for EVSE-WiFi/SimpleEVSE wallboxes in smart home setups.,f7438252a891
jimmyjoseph-web3/ChargeFrog-Hedera,2026-03-23T15:04:37Z,OCPP > Misc|Other,"ChargeFrog is a Hedera-based platform for proposing, funding, tokenizing, deploying, using, and auditing community-owned EV charging stations with on-chain carbon impact tracking.",83cb8c0b64d5
JoaoPedroBelo/bmw-wallbox-ha,2026-09-21T03:14:03Z,OCPP > Server,Home Assistant custom integration that implements an OCPP 2.0.1 server for local monitoring and control of BMW wallbox EV chargers.,8f7460df8997
joeky888/exi-go,2026-01-11T23:37:10Z,iso15118 > Libraries,"Pure Go EXI encoder/decoder library for ISO 15118-20 messages, with C and Python bindings.",e9bd3c1d893d
JohnApollos/boda-emobility-viability-engine,2026-07-25T21:06:14Z,Other > Analytics,A data analytics framework and Streamlit dashboard for optimizing electric motorcycle battery swap station placement and modeling PAYG credit default risk in Kenya's e-mobility sector.,57d92b04cb0f
JohnMaddison/ocpp-go,2026-08-15T17:38:39Z,OCPP > Libraries,"A Go library providing typed OCPP 1.6 and 2.1 message handling, WebSocket transport, and callback-based routing for building OCPP clients and servers.",cb1945a7c5bb
joulo-nl/joulo-ocpp-proxy,2026-09-28T08:45:56Z,OCPP > Misc,A lightweight WebSocket proxy for OCPP that forwards charger connections to a primary CSMS and optionally mirrors messages to secondary backends.,0ed9b8a69fb2
JuanFerInc/charge-point-console-simulator,2026-09-18T18:53:28Z,OCPP > Simulator,A browser-based OCPP 1.6-J charge point simulator that connects to CSMS servers over WebSockets and supports testing charger sessions without physical hardware.,2e050de09b58
juherr/datex4j,2026-09-25T19:34:09Z,Other > Libraries,"A modular Java SDK for the DATEX II European transportation standard that reads, writes, validates, and converts DATEX II publications with optional domain modules for traffic, parking, and EV charging.",27a33e8f6411
juherr/evolve,2026-09-07T15:09:29Z,,EVolve - OCPP server implementation in Java,1956971ff528
juherr/mobilityid,2026-09-20T20:54:16Z,OCPI > Libraries,"Multi-language library implementing mobility ID abstractions for e-mobility and EV charging networks (Scala, Java, Go, PHP, TypeScript).",7054272317c8
juherr/ocpi-fyi,2026-09-29T00:16:30Z,OCPI > Specification,A multi-version Antora documentation site that mirrors and publishes official OCPI specifications with version switching and search.,58316048378e
juherr/open-idro-directory,2026-09-29T20:25:25Z,Other > Registry,"Open IDRO Directory aggregates, normalizes, validates, and publishes e-mobility identifiers from national and regional registries with preserved provenance and API access.",07f45417f237
juherr/open-ocpp-tck,2026-09-30T21:05:33Z,OCPP > Misc,An open-source TypeScript test conformance kit that tests OCPP CSMS implementations by driving a charge-point simulator and asserting captured OCPP-J traffic against OCA certification scenarios.,93cfeba5d4b7
juherr/steve-ocpp-csms-image,2026-09-29T11:16:11Z,OCPP > Server,"Pre-built Docker images for SteVe, the open-source OCPP Central System (CSMS), compiled at build time for fast startup with automated database migrations.",abfc39923853
Jungle-Bus/ref-EU-EVSE,2026-09-05T07:55:08Z,Other > Data Tool,"A data processing tool that consolidates, validates, and standardizes French open data about EV charging stations for integration into OpenStreetMap.",bad8cbbf7415
JustChr/HAgoe_steve,2026-08-14T08:19:52Z,OCPP > Misc|Other > Home Automation,A Home Assistant custom integration that coordinates smart charging for go-e wallboxes using SteVe as the OCPP backend for metering and authorization.,bcde4768c6d6
kamwro/emobility-backend-app,2026-02-27T18:37:17Z,Other > Backend,"A NestJS and PostgreSQL backend application for managing e-mobility data, including charging station types and charging stations.",834db7c88759
kccricket/grizzle-ocpp-proxy,2026-10-01T02:44:17Z,OCPP > Misc,"A proxy that repairs malformed OCPP 1.6 messages from Grizzl-E EV chargers before forwarding them to an OCPP server, with deployment options for Home Assistant or Docker.",823986e415e3
kelseymok/ocpi-implementation,2023-03-23T09:56:40Z,OCPI > Server|OCPP > Simulator,"A proof-of-concept OCPI CDR implementation that simulates OCPP events, processes them through Kafka consumers, stores OCPI-related data in DynamoDB, and exposes CDRs through an API.",08adddc299fc
kiranj26/evse-fault-injector,2024-12-16T04:05:06Z,OCPP > Simulator|iso15118 > Misc,"EVSE Fault Injector is a C++ tool for simulating faults and testing EV charger behavior and protocol robustness with OCPP, ISO 15118, and real or simulated EVSE setups.",cb3f7eba76bb
kiranj26/MicroOCPP-on-STM32F4,2025-01-27T00:58:23Z,OCPP > Libraries|OCPP > Misc,Embedded STM32F4 EVSE firmware integrating MicroOCPP with secure networking to provide OCPP 1.6 support for EV chargers.,92bee6783b4e
knudmoeller/berlin-charging-stations,2020-06-15T18:36:40Z,Other > Open Data,A Ruby/Makefile tool that downloads Berlin EV charging station data from a WFS GML source and converts it to CSV.,aac0b1a02a46
Ko1103/ocpi-mcp-server,2025-10-28T09:57:03Z,OCPI > Misc,A Node.js MCP server that exposes OCPI documentation for use in tools such as Cursor.,a973a98b2259
konicst1/ChargeSploit,2026-08-08T17:21:23Z,iso15118 > Misc,ChargeSploit is a security testing tool for the V2G communication stack that implements ISO 15118-2 and DIN SPEC 70121 as both an EVCC and SECC.,dcd8670bdb55
kraftvaerk/OCPI,2022-12-08T05:38:50Z,OCPI > Libraries,C# reference framework for OCPI 2.1.1 DTOs and protocol interfaces.,
kubarskii/OCPP-J-CP-Simulator,2020-04-08T21:24:11Z,OCPP > Simulator,A simple charge point simulator for OCPP 1.6 with basic core features and a prototype UI.,38bb4c4b0da0
kwtycoon/kilowatt-tycoon,2026-07-10T11:22:36Z,OCPP > Simulator|OCPI > Simulator,"A tycoon game and full-stack EV charging network simulator that implements OCPP 1.6J, OCPI 2.3.0, and OpenADR 3.0 protocols in Rust/Bevy.",c62c1410cf3c
lachand/EV_charger,2026-10-01T01:48:15Z,Other > Charger Controller,Home Assistant integration providing local LAN control of Tuya EV chargers without cloud connectivity.,01782363e71e
Lamerat/OCPP-Charge-Point-Simulator,2025-01-29T15:51:58Z,OCPP > Simulator,OCPP JSON 1.6 charge point simulator implementing common charge point and central system operations.,93c24c31e344
Lansharkza/jtech-grid-control,2026-08-23T20:17:21Z,OCPP > Server,"A self-hosted OCPP 1.6J central system with web dashboard for controlling EV chargers, featuring live monitoring, charging schedules, solar integration, and usage history.",70c12d9c26cf
LastProject-ESIEE/dummy-chargepoint,2025-08-26T06:21:02Z,OCPP > Simulator,A Java command-line OCPP chargepoint emulator for manual protocol testing and chargepoint configuration via REST API.,73c669906f91
LastProject-ESIEE/OCPPConfigurationServer,2025-07-28T18:12:08Z,OCPP > Server,A Java web application for configuring and updating EV charge points using OCPP 1.6J.,d5352baa6835
lbbrhzn/ocpp,2026-09-30T15:52:54Z,OCPP > Misc,A Home Assistant custom integration that enables communication with OCPP 1.6j/2.0.1/2.1-compatible electric vehicle chargers.,e209b173bcac
LearnEVCharging/rey-virtual-ev-charger,2026-07-22T19:38:14Z,OCPP > Simulator,"A browser-based OCPP charge-point simulator supporting OCPP 1.6, 2.0.1, and 2.1 that connects to real CSMS backends or includes a built-in demo server.",eaf593ac1374
leeyuentuen/alfen_wallbox,2026-09-23T17:26:36Z,Other,A Home Assistant custom integration for monitoring and controlling Alfen wallboxes.,beb5cbcda64e
leonard-voss/nocpp,2025-01-22T10:38:29Z,OCPP > Misc,"NOCPP is a Python prototype for targeted OCPP 1.6-J penetration testing of charging stations, including fuzzing scenarios, information gathering, and PDF result export.",d0d3b80053a7
LeonardoTakachi/ev-charging-station-manager,2026-09-30T00:20:53Z,OCPP > Simulator|Other > Smart Charging,"A Python application that simulates EV charging-session management, including smart power distribution, tariff calculation, reporting, and educational OCPP message simulation.",51eb4c80cb8b
LeonardoTakachi/Sprint02-DSA,2026-08-10T11:44:16Z,OCPP > Simulator|Other > Smart charging,A Python project that simulates OCPP-based EV charging sessions with power balancing and time-based dynamic tariffs.,c4c89abb4f90
lex/evse-id-generator,2026-04-23T21:44:31Z,OCPP > Misc|iso15118 > Misc,"A static web tool that generates, validates, parses, and exports EVSE identifiers for ISO 15118 and OCPP 2.0.1 charging infrastructure.",b84da44eb64e
Llocer/llocer_cso,2022-05-01T11:36:27Z,OCPP > Server|OCPI > Server,llocer_cso is a Charging Station Management System and CPO/CSO implementation that manages EVSEs via OCPP and optionally connects to eMSPs via OCPI.,bb0d790f21f4
Llocer/llocer_ev_examples,2022-07-16T10:17:24Z,OCPP > Server|OCPP > Simulator|OCPI > Server,openEV examples provides sample OCPP server and client simulator code plus OCPI node implementations for credentials and locations modules.,f47547decf64
Llocer/llocer_ocpi,2024-09-29T10:00:34Z,OCPI > Libraries,"llocer_ocpi is an open-source library for implementing OCPI 2.2.1 nodes with HTTP servlet handling, request building, and sender/receiver interfaces.",ee7506f24498
Llocer/llocer_ocpi_json,2024-11-13T18:02:15Z,OCPI > Libraries,Provides JSON schemas for OCPI 2.2.1 messages and Maven configuration to generate Java POJOs from them.,5ba782359b14
Llocer/llocer_ocpp,2022-04-18T12:08:01Z,OCPP > Libraries,openEV llocer_ocpp is a base library for implementing an OCPP 2.0.1 server.,7b6f5e638eaf
Llocer/llocer_ocpp_json,2022-04-22T08:39:31Z,OCPP > Libraries,"JSON schemas for OCPP 2.0.1 messages, with Maven support for generating Java POJOs.",9dce89770fc4
loafoe/go-occp-server,2026-05-19T10:06:15Z,OCPP > Server,"Go OCPP 1.6-J central system server for connecting to EV chargers, authenticating charge points, monitoring status and meter values, and issuing remote control commands through an HTTP API.",461552d5874e
Locusbura680/battery-simulator-energy,2026-10-01T06:01:38Z,Other > Battery energy storage simulator,"A browser-based simulator for modeling battery energy storage under load response, energy arbitrage, backup, and solar-dispatch scenarios.",b2b9bb475ab8
lorenzodonini/ocpp-go,2025-08-24T19:28:07Z,OCPP > Libraries,"Go library for implementing OCPP-J central systems and charge point clients with support for OCPP 1.6, 1.6 Security, and 2.0.1.",0c98b420f5be
LuRSousa/ChargeGrid-Intelligence,2026-09-19T01:58:05Z,OCPP > Simulator,"ChargeGrid Intelligence is a browser-based proof-of-concept EV charging management simulator with dynamic load balancing, OCPP event logging, dynamic pricing, and solar-aware charging decisions.",d7780b758f3f
m-villalilla/VirtualChargePoint,2018-07-14T11:19:00Z,OCPP > Simulator,VirtualChargePoint is a GUI and API-based OCPP charge point simulator for testing OCPP server software.,089778b72a18
M4GNV5/charging-infrastructure-review-paper,2025-11-30T19:37:12Z,Other,A SECURWARE 2024 review paper on fast charging communication technologies and cybersecurity for EV charging.,83471f8dcc26
majbthrd/V2Gredux,2025-11-24T20:29:59Z,iso15118 > Misc,"ISO 15118-2 EVSE emulator that implements SDP and ISO 15118-2 communication for testing against an electric vehicle, using OpenV2G.",3f4a066f9fc1
Majkel-code/GE_EvChargingStation,2026-09-29T20:36:42Z,Other,GE_EvChargingStation is a FastAPI-based charger and vehicle simulator for running configurable EV charging sessions with logging and optional Electron monitoring.,488c325d1aa7
MarekPokornyOva/EvChargerSimulator,2025-05-06T18:49:59Z,OCPP > Simulator,Browser-hosted EV charger simulator that communicates with OCPP 1.6J.,2cdc8071b928
markrpo/ocppws,2025-09-01T02:21:12Z,OCPP > Server|OCPP > Libraries,C++ implementation of an OCPP server over WebSockets with support for core charge point messages.,3000a1b17e4f
matiebird/ocular-ocpp-compatibility-relay,2026-09-06T07:17:19Z,OCPP > Misc,A Home Assistant app that relays OCPP 1.6J WebSocket connections between Ocular LTE Plus V3 chargers and Home Assistant without translating OCPP messages.,25e59abd28b5
matth-x/MicroOcpp,2025-12-04T00:26:58Z,OCPP > Libraries|Eichrecht > Misc,MicroOCPP is a portable C/C++ OCPP 1.6 and 2.0.1 client library for integrating microcontroller-based EV chargers with OCPP central systems.,5c57b72bfb11
matth-x/MicroOcppSimulator,2025-07-26T12:26:09Z,OCPP > Simulator,MicroOcppSimulator is a GUI-based simulator and demo application that runs the MicroOCPP client on a host computer and connects to an OCPP server to simulate charging sessions and actions.,2889a931d8b7
Matthias-H-Git/European-Energy-Market-Analysis,2026-08-07T14:41:25Z,Other > Energy market analysis,"A data analytics project that examines relationships between European electricity markets, renewable generation, EV and heat pump adoption, and electricity price trends using public ENTSO-E and EUROSTAT data.",6301df55b568
michael-adler/ha-ocpp-relay,2026-08-05T17:00:49Z,OCPP > Misc,Home Assistant integration that relays OCPP communications between EV chargers and remote management servers while exposing traffic data as local monitoring sensors.,625a4f2f3a83
Michito49/evcc,2026-10-01T12:21:53Z,Other > Charger Controller,evcc is an extensible local charge controller and energy management system for managing EV charging with home energy optimization and smart integrations.,1bb153fd6bf7
mikuso/ocpp-rpc,2026-08-21T13:23:22Z,OCPP > Libraries,"A Node.js library implementing the WAMP-like RPC-over-WebSocket system for OCPP-J protocols (OCPP 1.6J, 2.0.1J, 2.1).",1f832013ff4c
mjasinskee/emob-ocpp-slides,2022-12-07T17:38:47Z,OCPP > Misc,A reveal.js presentation explaining how to model an OCPP charging station as an actor system.,9871ab8258c7
mnh-jansson/open-battery-information,2026-09-30T16:41:55Z,Other,Open Battery Information provides Arduino and Python/Windows tools and battery data to help inspect and repair locked battery management systems.,136924614a73
mobilityhouse/ocpp,2026-10-01T05:35:47Z,OCPP > Libraries,Python library implementing the Open Charge Point Protocol (OCPP) 1.6 and 2.0.1 in JSON format.,228a05989973
mohsinali33226/Hamburg-fast-charging-gap-map,2026-07-08T19:42:54Z,Other > Site Assessment,A GIS-based site assessment case study identifying underserved public fast-charging infrastructure gaps around Hamburg for CPO expansion planning.,5c00124fb73c
mohsinali33226/ocpp-charging-operations-lab,2026-09-09T20:06:51Z,OCPP > Server|OCPP > Simulator,"A Python-based OCPP 1.6 lab that simulates EV chargers and a CSMS for monitoring, remote operations, smart charging, and failure-recovery testing.",fbdf03f7b0be
monta-app/library-ocpp,2026-09-30T15:36:10Z,OCPP > Libraries,"A Kotlin library for parsing and handling OCPP v1.6 and v2.0.1 messages, supporting both charge point and server roles with blocking and asynchronous interfaces.",6e29a4b7de51
monta-app/ocpp-emulator,2026-09-30T15:36:14Z,OCPP > Simulator,"A desktop emulator for OCPP 1.6 and 2.0.1 charge points built with Kotlin Multiplatform and Jetbrains Compose, featuring message interception and testing capabilities.",65b2ebfe318a
morosanag/OCPP-Project,2017-03-19T18:55:12Z,OCPP > Server,"OCPP-Project is a management system for EV charging stations with WebSocket and SOAP interfaces, business logic, and database persistence for administrator control.",668c001f15d6
MostafaMoradii/eveys-console,2026-05-14T20:38:08Z,OCPP > Misc,"eveys-console is a sign-in protected web administration console for operating and inspecting an OCPP gateway through its existing Kafka, REST, and WebSocket interfaces.",ef58bf8d1346
motown-io/motown,2019-02-01T10:46:16Z,Other,Motown is an Apache-licensed platform for supporting and managing electric vehicle charging infrastructure.,17b439a14976
mrbig/ocpi-protocol,2026-06-09T20:52:41Z,OCPI > Libraries,"PHP library providing OCPI 2.2.1 request/response classes, models, factories, errors, and client helpers for eMSP and CPO integrations using PSR-compatible HTTP interfaces.",e55f736ff7d8
mschmitt/shocpp,2025-12-06T09:57:22Z,OCPP > Server,shocpp is a Bash-based rudimentary OCPP 1.6 service for a personal wallbox that handles RFID and remote-start charging sessions and records per-account energy consumption.,745e02cbd260
MTES-MCT/ocpi-playground,2026-03-27T00:55:12Z,OCPI > Server,OCPI Playground is a Docker-based demonstration stack for testing OCPI server topologies and OCPI-related services.,f665a3fc40e2
MTES-MCT/qualicharge,2026-09-29T10:35:31Z,Other > Analytics,QualiCharge is a data analytics platform for analyzing EV charging infrastructure supervision data to assess and improve charging service quality.,927f4b932c1a
MuhammedAlmaz/ma-ocpp-simulator,2024-05-09T05:10:05Z,OCPP > Simulator,A web-based OCPP 1.6 charge point simulator for testing EV charging back-end applications.,cb4450889805
mysmartlife-helsinki/ev-charging,2019-06-01T14:42:12Z,OCPP > Misc,"This repository is an EV charging-related project tagged with OCPP, ECU, and VCCU, but its README does not document specific functionality.",9efeec305c78
nader0913/ocpp-rag,2026-06-09T12:31:23Z,OCPP > Misc|iso15118 > Plug&Charge,"An MCP server that provides searchable reference data and structured queries for OCPP 1.6, OCPP 2.0.1, and related EV charging standards.",a0d57802338e
Namoshek/OpenChargeMeteringFormat,2025-01-20T05:07:55Z,Eichrecht > OCMF|Other,A .NET library for parsing OCMF messages and verifying their signatures.,1eb3122e992e
niklam/ocpi-types,2025-06-18T14:09:44Z,OCPI > Libraries,TypeScript DTOs and enums for implementing and validating OCPI 2.2.1 data models in EV charging applications.,e578f5bf2da1
nitishagar/voltbase,2026-09-19T10:58:06Z,Other > EV charging data tooling|OCPI > Libraries,"Voltbase is an open-data EV charging toolkit providing data normalization libraries, a discovery API, and an MCP server.",811dcf983bcd
node-ocpp/core,2023-09-25T15:35:57Z,OCPP > Libraries,"A Node.js library for implementing an OCPP Central System over JSON/WebSocket with handlers, outbound messaging, and OCPP 1.6 Core type definitions.",f9683855ab3f
NOWUM/pyOCPI,2025-03-19T08:13:25Z,OCPI > Libraries,"pyOCPI is a Python Flask-RESTX package that provides OCPI 2.2 REST endpoint definitions, schemas, OpenAPI support, and manager interfaces for integrating OCPI business logic.",491247e70dec
nvdungx/ISO15118_3_TestEnv,2024-06-03T03:10:15Z,iso15118 > Misc,ISO15118_3_TestEnv is a C++ conformance test environment for the ISO 15118-3 HPGP powerline and data link layers on Raspberry Pi.,cd2e1c98e8af
nvdungx/ISO15118_TestUI,2022-07-31T04:14:28Z,iso15118 > Misc,A Vue.js and Django web interface for an ISO 15118 conformance testing environment.,2d3c2d7169da
ocpi-register/ocpi-register,2020-04-28T12:02:55Z,OCPI > Registry,A federated registry aggregating OCPI Location module API implementations from multiple EV charging operators to enable cross-network charge point discovery.,ce9417bf13a3
ocpi/ocpi,2026-06-22T15:08:22Z,OCPI > Misc,This repository contains the OCPI specification for automated EV charging roaming between charge point operators and e-mobility service providers.,
ocpi/ocpi-tool,2026-09-17T21:09:48Z,OCPI > Misc,A Node.js command-line tool for extracting and exporting data from OCPI platforms to enable secure ETL pipelines.,7cdb85dfdf1f
ocpi/openapi-specification,2026-05-13T07:27:42Z,Other > API Specification,This project provides an OpenAPI specification for EV charging-related APIs.,de9846572025
ocpp-balanz/balanz,2025-07-01T17:45:59Z,OCPP > Server,Balanz is a CSMS or local controller OCPP server with smart charging capabilities.,53cc75be024d
ocpp-balanz/balanz-ui,2026-04-15T08:10:54Z,OCPP > Server UI,"Balanz UI is a React/TypeScript web interface for managing balanz OCPP server entities, monitoring live charging status, and viewing historic charging sessions.",ab6312e53067
ocpp-balanz/ocpp-2w-proxy,2026-02-22T20:15:10Z,OCPP > Server,ocpp-2w-proxy is a Python OCPP proxy that forwards charger traffic between one or more chargers and two central management systems with primary/secondary routing rules.,d3a8374f7e80
ocpp-balanz/ocppsim,2025-06-16T20:10:59Z,OCPP > Simulator,OCPP v1.6 charge point simulator for testing central systems via WebSocket control and scripted charger behavior.,50326101e380
ocpp-debugkit/ocpp-debugkit,2026-07-09T07:58:31Z,OCPP > Misc,"An open-source developer toolkit for analyzing and debugging OCPP charging session traces with failure detection, replay engine, and report generation.",
ocpp-debugkit/studio,2026-07-30T11:10:11Z,OCPP > Debugger,A native desktop debugger for OCPP charging sessions that captures and analyzes WebSocket traffic between charge points and backend systems with live protocol validation.,9dcb25fd0d99
ocpp-debugkit/toolkit,2026-08-20T13:47:27Z,OCPP > Misc,"A developer toolkit for debugging and analyzing OCPP charging session traces with trace inspection, failure detection, scenario testing, event replay, and report generation.",7d48a54e658b
OCPP-fuzzer/ocpp-fuzzer,2025-07-27T02:14:35Z,OCPP > Misc,Python fuzzer that generates and sends OCPP protocol messages via WebSocket to test the robustness and compatibility of OCPP server implementations.,0f4b5ed89cf3
oglimmer/scriptable-ocpp-chargepoint-simulator,2023-05-16T11:41:30Z,OCPP > Simulator,"Scriptable Node.js simulator for OCPP 1.6J charge points with REST and web frontends, batch scripting, and WebSocket client/server support.",bf907735367d
olisystems/ocn-node-v2,2026-09-30T17:23:24Z,OCPI > Server,A Kotlin/Spring Boot OCPI broker node that routes traffic between parties and integrates with the Open Charging Network Registry.,a419d3970371
olisystems/ocn-registry-v2.0,2026-09-29T19:50:18Z,OCPI > Misc,Ethereum-based smart contract registry and CLI tool for decentralized management and discovery of Open Charging Network (OCN) node operators and OCPI parties.,3b9170e33680
OPCFoundation/UA-EdgeTranslator,2026-09-29T11:49:34Z,Other,An industrial edge application that translates proprietary protocols including OCPP to OPC UA leveraging W3C Web of Things thing descriptions.,739e7050304e
open-ev-data/open-ev-data-dataset,2025-12-30T18:57:15Z,Other,OpenEV Data Dataset is a versioned open dataset of electric vehicle specifications authored as layered JSON and compiled into canonical records for analysis and integration.,444700a9eb19
open-ocpp-trace/specification,2026-07-22T14:40:09Z,OCPP > Specification,"A machine-readable JSON/JSONL trace format specification and schema for recording OCPP message exchanges between charging stations and management systems, with conformance validation and reference fixtures.",1e05c1cdf191
openchargehub/ocpp-proxy,2025-10-27T06:45:21Z,OCPP > Proxy,"A Home Assistant add-on that proxies a single OCPP 1.6 or 2.0.1 EV charger connection to multiple backend services with arbitration, monitoring, and safety controls.",796e2c41ffb1
openchargemap/ocm-data,2021-11-05T04:54:57Z,Other,Deprecated repository containing gzipped JSON snapshots of Open Charge Map POI and reference data exported from a MongoDB cache.,8d252e324911
openchargemap/ocm-export,2026-04-23T06:23:39Z,Other > Open Data,"ocm-export exports live Open Charge Map EV charging POI data into per-country, per-POI JSON files for granular change tracking and reuse.",d1fea565b1d5
openchargemap/ocm-system,2026-09-18T03:24:47Z,Other > Charging location registry/API,"Open Charge Map is a backend, website, API, and import-processing system for maintaining and serving an open global registry of EV charging locations.",d672ea326f9d
OpenChargingCloud/ChargingStationApp,2026-04-03T22:29:33Z,OCPP > Simulator,Electron-based virtual EV charging station for testing OCPP charging station protocols and related extensions.,03c6322316cb
OpenChargingCloud/ChargyCore.NET,2026-09-24T23:34:59Z,Eichrecht > Misc,ChargyCore.NET is a C#/.NET library that validates cryptographic signatures in electric-vehicle charging records for compliance with German calibration-law transparency requirements.,477323efe294
OpenChargingCloud/ChargyCore.TS,2026-09-09T01:07:00Z,Eichrecht > Misc,ChargyCore is a TypeScript library for validating cryptographically signed energy measurements and charge transparency records in e-mobility charging processes under German calibration-law requirements.,f6516200f025
OpenChargingCloud/ChargyDesktopApp,2026-09-30T16:50:10Z,Eichrecht > Misc,Chargy is a cross-platform transparency application for validating cryptographic signatures of energy measurements in EV charging sessions to ensure compliance with German Calibration Law (Eichrecht) and EU regulations.,415b6e54c8d6
OpenChargingCloud/ChargyMobileApp,2026-09-30T17:11:48Z,Eichrecht > Misc,Chargy is a mobile and desktop application for verifying cryptographic signatures of EV charging measurements according to German Eichrecht regulations.,83637e16f6cb
OpenChargingCloud/ChargyWebApp,2026-10-01T07:51:06Z,Eichrecht > Misc,A web application and library for validating EV charging transparency and cryptographic signatures under German Calibration Law (Eichrecht).,e00916f6a579
OpenChargingCloud/CSMS,2026-10-01T06:04:01Z,OCPP > Server,An example OCPP 1.6 Central System and OCPP 2.1/2.0.1 Charging Station Management System for testing EV charging infrastructure.,1e3420697f3c
OpenChargingCloud/CSMSApp,2025-11-25T09:50:36Z,OCPP > Server,"Electron-based OCPP Charging Station Management System application for testing and certification of e-mobility protocols, vendor extensions, and third-party charging stations.",313733d67205
OpenChargingCloud/CSMSCLI,2026-10-01T06:15:48Z,OCPP > Server|OCPI > Server,A C#/.NET Charging Station Management System that manages EV charging stations through OCPP and operates as an OCPI charge point operator peer for e-mobility service providers.,fef73bffc215
OpenChargingCloud/DynamicQRCodes.Android,2026-08-26T06:35:22Z,OCPP > Simulator,An Android application that generates and validates OCPP 2.1 secure dynamic QR-code URLs for testing charging-station and CSMS implementations.,a05dcdc7122f
OpenChargingCloud/EVSimulatorApp,2026-09-02T20:50:31Z,iso15118 > Simulator|iso15118 > Plug&Charge,"A C#/.NET application that simulates an electric vehicle communicating with real charging stations using ISO 15118-2 and -20, including Plug & Charge, signed metering, TLS/PKI, and session inspection.",1bbe0be88d7e
OpenChargingCloud/ISO15118ConformanceTests,2026-09-10T16:24:30Z,iso15118 > Plug&Charge|iso15118 > Misc,"A C# .NET test suite for ISO/IEC 15118 conformance and interoperability, covering EV–EVSE communication, EXI encoding, state machines, TLS/PKI, and Plug & Charge.",dc68c3d5ee85
OpenChargingCloud/OCPIExplorerDesktopApp,2026-04-23T03:03:28Z,OCPI > Simulator,OCPI Explorer DesktopApp is an Electron desktop application for testing and certification of OCPI protocol implementations and vendor extensions across multiple OCPI versions.,902876f7c0ee
OpenChargingCloud/OCPIExplorerWebApp,2026-02-14T06:16:30Z,OCPI > Misc,"A web application for exploring, testing, and certification support of OCPI protocol implementations and vendor extensions.",7d7a8efef4a1
OpenChargingCloud/PKI,2023-08-02T19:10:24Z,Other > PKI/Security,"Open Charging Cloud PKI defines a graph-based, multi-signature quorum public key infrastructure for trust and secure communications in e-mobility.",37edfb159ba1
OpenChargingCloud/WWCP_Core,2026-09-30T23:39:20Z,Other > Libraries,"WWCP Core is a .NET library providing foundational data structures, entities, and reference implementations for the World Wide Charging Protocol Suite, enabling unified EV charging interoperability across OCPP, OCPI, OICP, and ISO15118 protocols.",2ecd1801771e
OpenChargingCloud/WWCP_eMIP,2026-08-02T02:09:58Z,EMIP > Libraries,A .NET library bridging the World Wide Charging Protocol (WWCP) and Gireve's eMobility Interoperation Protocol (eMIP) for EV charging roaming and communication (now deprecated).,38402214f98e
OpenChargingCloud/WWCP_ISO15118,2026-10-01T09:39:52Z,iso15118 > Plug&Charge|iso15118 > Misc,"A C#/.NET library implementing ISO 15118 communication protocols, including SLAC, SDP, V2GTP, EVCC/SECC sessions, Plug&Charge, wireless charging, and penetration-testing workflows.",df99685e88fc
OpenChargingCloud/WWCP_OCHP,2026-08-10T19:50:16Z,Other > Libraries,A library that bridges communication between World Wide Charging Protocol (WWCP) entities and Open Clearing House Protocol (OCHP v1.4/OCHPdirect v0.2) implementations for e-mobility roaming and clearing.,a07cd529b846
OpenChargingCloud/WWCP_OCPI,2026-10-01T00:10:37Z,OCPI > Libraries,"An OCPI protocol library supporting versions 2.1 through 3.0 with extensions for WWCP integration, GDPR compliance, and regulatory requirements (Eichrecht, AFIR, UK Public Charge Point Regulations).",e020cfbeea1e
OpenChargingCloud/WWCP_OCPP,2026-09-24T17:32:09Z,OCPP > Libraries,"A library for building OCPP (Open Charge Point Protocol) servers and gateways between OCPP and WWCP (World Wide Charging Protocol) supporting OCPP v1.6, v2.0.1, and v2.1.",e3a28fd1f413
OpenChargingCloud/WWCP_OICP,2026-08-17T23:49:40Z,OICP > Libraries,"A .NET library providing OICP v2.3 reference implementation with CPO, EMP, and Central Service functionality for e-mobility roaming communication between WWCP and OICP entities.",4a40cd096b83
OpenChargingCloud/WWCP_OIOI,2023-09-11T22:53:18Z,OIOI > Libraries,A .NET 6 library connecting WWCP entities with PlugSurfing OIOI v4.x e-mobility provider protocol implementations.,a6f967f1529d
OpenChargingCommunity/OpenChargingCommunityAPI,2025-05-29T22:25:54Z,Other,Open Charging Community API is an API project for EV charging community functionality.,72b197e15df9
OpenChargingCommunity/PKI,2023-08-02T19:13:46Z,Other > PKI/Security,"Open Charging Community PKI defines a graph-based, quorum-controlled public key infrastructure for securing trust relationships in e-mobility.",68076d8232c2
OpenChargingTechnology/OCPP-SBOM,2025-12-05T02:25:26Z,OCPP > Misc,"OCPP-SBOM provides CycloneDX and SPDX SBOM definitions for OCPP specification release bundles, including PDFs, appendices, schemas, metadata, and hashes for verification and compliance.",ae7036254fc0
OpenChargingTechnology/Whitepapers,2026-09-02T06:49:12Z,OCPP > Misc|OCPI > Misc|OICP > Misc|iso15118 > Misc|Other,"A collection of open EV infrastructure ICT whitepapers covering cybersecurity, interoperability, OCPP, OCPI, OICP, ISO 15118, EV roaming, OpenADR, and related protocols.",f0f12c8f7a1a
opencpo/opencpo,2026-06-15T12:22:48Z,OCPP > Server|OCPP > Simulator|iso15118 > Misc,"OpenCPO is an open-source EV charging platform for running a CPO network with an OCPP 1.6/2.0.1 CSMS, admin dashboard, driver PWA, and virtual charger simulator.",3bd5b9d8bddb
opencpo/opencpo-admin,2026-06-02T23:10:17Z,OCPP > Server|Other > CPO Dashboard,"OCPP Admin is a FastAPI-based CPO dashboard for managing OCPP charger networks, sessions, tariffs, tokens, PKI, and real-time OCPP messages through an OCPP Core API.",e06d812346c1
opencpo/opencpo-charger-farm,2026-06-02T23:10:18Z,OCPP > Simulator|iso15118 > Plug&Charge,"Virtual Charger Farm is an OCPP 1.6j/2.0.1 virtual charger simulator for stress testing EV charging backends with realistic charger behavior, network faults, charging physics, and scenario reporting.",7b9920d834e4
opencpo/opencpo-core,2026-07-04T18:42:05Z,OCPP > Server|OCPI > Server|iso15118 > Plug&Charge,"OCPP Core is an OCPP 1.6j and 2.0.1 CSMS server with charger profiles, built-in PKI, ISO 15118 Plug & Charge support, OCPI roaming, REST APIs, and Redis/PostgreSQL-backed state and events.",134a305bdc80
opencpo/opencpo-tester,2026-06-02T22:52:45Z,OCPP > Compliance Testing,"OCPP Compliance Tester is a CLI tool that acts as a CSMS to run OCPP 1.6 and 2.0.1 compliance tests against EV chargers and generate PDF, HTML, and JSON reports.",5f26e68ea3e4
OpenEMS/openems,2026-10-01T11:15:50Z,Other > Energy Management System,"OpenEMS is an open-source, modular energy management platform with distributed Edge and cloud Backend components for monitoring, controlling, and integrating renewable energy, storage, and EV charging.",26258b17d7db
OpenEVSE/openevse_esp32_firmware,2026-10-01T10:15:26Z,Other > Charger Controller,"ESP32-based WiFi gateway for OpenEVSE chargers with web dashboard, OCPP 1.6-J integration, solar divert, and energy management.",ff4da27eac3d
OpenV2G/OpenV2G-base,2017-08-17T11:51:34Z,iso15118 > Plug&Charge,"OpenV2G-base provides modular V2G Plug and Charge PKI infrastructure components and REST APIs for ISO 15118 market roles, with mock services where hardware integration is required.",445d19e69be9
OrangeTux/rauts,2023-01-04T08:45:50Z,OCPP > Libraries,Rauts is an early-stage Rust library for building OCPP servers and clients with Axum-style request routing and handler extraction.,c6ec2ada9c23
OrangeTux/zeegat,2022-06-26T14:49:05Z,OCPP > Libraries,Zeegat is a Python prototype for routing and composing handlers for OCPP messages using a Service-style interface.,a9c646c803d7
oshsos/publicV2G,2026-06-12T12:37:53Z,iso15118 > Libraries,publicV2G is a C++ ISO 15118 V2G communication stack for embedded CCS AC/DC smart charging systems.,75c8efbc4860
ozgurbayram/OCPPSimulator,2026-09-12T16:08:01Z,OCPP > Simulator,"A web-based OCPP 1.6 simulator for creating simulated EV charge points, connecting them to a CSMS, sending OCPP messages, and monitoring charging communication.",5591f73533c2
parikshittyagi/ocppClientJ1.6,2020-05-17T15:42:53Z,OCPP > Libraries,A C OCPP 1.6J WebSocket client that connects a charge point to a CMS server and supports basic BootNotification messaging plus OCPP frame parsing and creation.,86a3987bba49
parklapp/steve-pluggable,2026-04-09T13:08:20Z,OCPP > Server|OCPP > Libraries,"SteVe Pluggable is a Java/Spring Boot OCPP server library for managing charge points, users, RFID authentication, and ESP backend integration.",b4f620bb4662
pazzk-labs/evse,2025-11-01T08:35:07Z,OCPP > Misc|iso15118 > Plug&Charge|Other > EVSE Firmware,"Pazzk EVSE is an archived open-source EVSE firmware project for building charging stations with ISO 15118, IEC 61851, OCPP, and Plug & Charge support.",7ca60eee9eb9
pazzk-labs/ocpp,2025-11-06T04:48:31Z,OCPP > Libraries,C implementation of an OCPP client with configurable build-time settings and example usage.,bb9b2eba5ee5
pedroeverett/ev-charge-tracker,2022-11-30T12:08:47Z,Other,A mobile-oriented web app for tracking electric vehicle charging data using a MongoDB backend.,f2b708487ff0
pieterh/energy-management-system,2024-04-24T04:09:27Z,Other > Home Energy Management,"HEMS is a Docker-deployable home energy management system for monitoring, configuring, and automating devices including Alfen EV charge points, P1 smart meters, and Enphase solar gateways.",fd328a85a772
PinguPeng2010/volty-charge,2026-09-02T11:46:21Z,OCPI > Misc|Other,"Volty is a planned iOS and Android app that aggregates public EV charging locations, availability, tariffs, and related network data while developing OCPI integrations for eMSP services and payments.",ce71ce9e408c
plugoinc/ocpi-openapi,2024-02-19T12:43:49Z,OCPI > OpenAPI Specification,An OpenAPI definition project for documenting and validating the OCPI API specification.,49014fb42249
PlugSecure-Inc/ocpp-simulator-lab,2026-06-17T07:34:12Z,OCPP > Simulator,"OCPP Simulator Lab is a Python/FastAPI and Vue web tool that simulates OCPP charge points and CPMS endpoints for testing OCPP 1.6J, 2.0.1, and 2.1 behavior.",b57e12d66843
pmreis/emobility,2026-10-01T10:19:55Z,Other > eMobility policy and regulatory information,"A collection of legal, technical, and data references on electric mobility in Europe, focused on Portuguese regulations, infrastructure, APIs, and policy progress.",a4763d8a08dd
pogopaule/awesome-sustainability-jobs,2025-05-17T15:25:51Z,Other,A curated list and map of sustainability-sector companies that offer developer jobs.,add47826402d
Pokiledaa/slac,2022-09-21T11:21:45Z,iso15118 > Misc,"Python implementation of SLAC for INSYS Powerline GP, usable standalone or connected to an EVSE controller.",2611c176c725
Polyconseil/ocpp-codec,2020-06-01T13:49:54Z,OCPP > Libraries,A Python library that defines OCPP 1.6 and 2.0 message dataclasses and serializes/deserializes them to and from JSON payloads.,686566fd9e51
pottio/ioBroker.warp,2023-04-01T02:59:45Z,Other > Smart home adapter,ioBroker.warp is an ioBroker adapter that monitors and controls Tinkerforge WARP wallbox chargers over WebSockets.,2dd4ac6fd110
powerly-ev/open-ev-charge-android-app,2026-09-06T20:52:48Z,OCPP > Misc|OCPI > Misc|Other,"Powerly Open EV Charge Android App is a white-label Kotlin mobile app for discovering chargers, managing EV charging sessions, bookings, billing, roaming, and peer-to-peer charger sharing through the Powerly platform.",bec35cd6af12
powerly-ev/open-ev-charge-ios-app,2025-11-18T11:23:18Z,Other > Mobile app,"Powerly Open EV Charge is an open-source white-label iOS app for locating EV charging stations, signing in users, and viewing station availability, connector type, and pricing.",9315dd22fe97
psnehanshu/charge-point-simulator,2020-10-09T08:26:59Z,OCPP > Simulator,A charge point simulator that runs multiple simultaneous charging sessions using OCPP 1.5 JSON.,b16bd6d13b7a
psnehanshu/ocpp-central-system-boilerplate-code,2022-12-13T08:03:40Z,OCPP > Server,Boilerplate Node.js code for starting an OCPP central system server.,a05de6849898
psnehanshu/ocpp-task-manager,2023-12-23T08:56:04Z,OCPP > Libraries,"A transport-agnostic Node.js framework for handling OCPP messages to build charge point software, simulators, backends, or CSMS.",acddd83033d8
Pyroil/Alfen_manager,2026-08-10T08:44:44Z,OCPP > Server|Other > Modbus TCP charger management,A Python service that monitors an Alfen EVE charger over Modbus TCP and controls its charging current through OCPP 1.6 for dynamic load management.,842a11f7b6a7
QuecPython/OCPP-v1.6,2025-04-30T01:30:54Z,OCPP > Libraries,"A QuecPython Python package implementing OCPP 1.6 JSON building blocks for charge point clients, with demo client and server examples.",bedc3c823f76
Quentin-BACQUET/GIREVE_Tech_OCPI_V2.1.1,2026-05-13T08:45:56Z,OCPI > Misc,GIREVE OCPI V2.1.1 is an implementation guide for integrating CPO and eMSP systems with GIREVE’s IOP OCPI 2.1.1 roaming interface.,1c10d38e4671
Quentin-BACQUET/GIREVE_Tech_OCPI_V2.2.1,2026-05-12T15:51:49Z,OCPI > Misc,"GIREVE OCPI V2.2.1 is documentation for implementing GIREVE’s IOP hub interface, including OCPI integration guidelines for CPO and eMSP roaming workflows.",d3b4e901cb97
Rajkumar1963/EV_WEBS,2023-10-15T17:27:45Z,Other > EV charging station locator and booking,"A full-stack web application that locates nearby EV charging stations and supports station registration, user authentication, and charging-slot booking.",9793e6c5abe0
rajvvv/EV-Infra-Planner,2025-11-30T10:49:37Z,Other,A geospatial dashboard that forecasts electric vehicle adoption and estimates charger deployment gaps across major Indian cities.,82b6e16fe855
rally-finance/ocpi-mock-hub,2026-04-22T18:05:44Z,OCPI > Simulator,A Go-based mock OCPI 2.2.1 hub server for developing and testing eMSP/CPO OCPI integrations without a live partner.,520008e4d343
rcuquemelle/ISO15118_4_TestEnv,2022-07-29T06:27:27Z,iso15118 > Misc,An EVCC emulator for testing ISO 15118 high-level communication between electric vehicles and charging stations over the Control Pilot interface.,c3d781c8d820
ReliON-Charging/everest-dcfc,2026-02-24T14:48:29Z,OCPP > Simulator,"A multi-architecture Docker container for running an EVerest-based virtual DC fast charger with configurable OCPP versions, connectors, smart charging, and a Node-RED simulation dashboard.",90f3ef4e37f3
remontsuri/EV-QA-Framework,2026-08-06T14:25:13Z,Other > Battery Monitoring,"ML-powered Python framework for EV battery health monitoring, anomaly detection, SOH prediction, and compliance testing with CAN bus support.",71a504491505
RenatoBoranga1/solis-charge,2026-08-20T12:10:01Z,OCPP > Server|OCPP > Simulator,"Solis Charge is a modular EV charging platform with a NestJS backend, PostgreSQL/PostGIS and Redis infrastructure, driver and administration interfaces, and OCPP 1.6J integration.",d88de2682ebc
rescoot/sunshine,2025-06-03T05:56:35Z,Other > Electric scooter fleet management,"Sunshine is a Rails web application and API for monitoring telemetry, tracking trips, managing users, and remotely controlling unu/librescoot electric scooters via MQTT.",85dcb0467d76
road-labs/chargestation-one,2026-09-28T11:19:41Z,OCPP > Simulator,A browser-based charging station simulator supporting OCPP 1.6 and OCPP 2.0.1 that can connect to OCPP backends and simulate transactions with custom messages and meter data signing.,3c308d803a3d
road-labs/ocmf-js,2026-09-25T18:27:36Z,Eichrecht > OCMF Libraries,"TypeScript/JavaScript library for signing, parsing, and verifying Open Charge Metering Format signed meter data.",a973e67813e1
road-labs/ocpp-trace-replayer,2026-09-11T16:05:24Z,OCPP > Simulator,"A command-line tool that replays Open OCPP Trace files against OCPP backends, supporting OCPP 1.5, 1.6, 2.0.1, and 2.1 with configurable message rewrites and filters.",3a840b7210ed
road-labs/ocpp-types-go,2026-09-04T16:21:01Z,OCPP > Libraries,"Go library providing type-safe struct definitions for OCPP protocol messages across versions 1.5, 1.6, 2.0.1, and 2.1 with action routing helpers.",ee91dd8828e6
road-labs/ocppj-go,2026-08-17T18:52:55Z,OCPP > Libraries,"Go library providing OCPP-J (JSON over WebSockets) client and server implementations with WebSocket communication, message serialization, and extensible hook-based architecture.",f2cbf6e65d73
road-labs/ocpps-go,2026-08-21T15:38:32Z,OCPP > Libraries,"A Go library implementing the OCPP-S SOAP-over-HTTP binding for OCPP 1.5 and 1.6, including client and server communication, message handling, and request-response correlation.",d1c776ef18f7
robeertm/ev-charge-tracker,2026-10-01T05:57:19Z,Other,"A self-hosted Flask application that tracks electric-vehicle charging data, integrates vehicle manufacturer APIs, and provides dashboards, reports, and CO2 estimates using SQLite.",18cc9978b148
rohittiwari-dev/ocpp-smart-charge-engine,2026-03-12T05:18:12Z,OCPP > Libraries,TypeScript library that computes and dispatches OCPP smart charging profiles to distribute site grid power across EV charging sessions.,6e444f6e3e72
rohittiwari-dev/ocpp-ws-io,2026-09-30T06:49:03Z,OCPP > Libraries|OCPP > Server|OCPP > Simulator,"TypeScript OCPP WebSocket toolkit for building RPC clients and servers, charge point simulators, version proxies, smart charging components, and CLI tooling.",d597c537d014
rohittiwari-dev/ocpp-ws-simulator,2026-09-29T05:57:12Z,OCPP > Simulator,A browser-based simulator for running one or more OCPP charge points against a CSMS for testing and debugging.,6d7f8414e080
rohittiwari-dev/voltlog-io,2026-03-08T17:35:37Z,OCPP > Libraries,"VoltLog is a TypeScript structured logging library for real-time systems, with OCPP-aware context support for WebSocket and IoT infrastructure.",777aa3c62b37
romfrolov/ocpp-util,2022-12-30T19:04:35Z,OCPP > Libraries,OCPP Util is a JavaScript utility library for validating OCPP cardinalities and primitive datatypes and accessing OCPP 1.6 and 2.0 enumerations.,5d69cfc80b63
romfrolov/station-emulator,2023-06-21T22:13:53Z,OCPP > Simulator,A Rust EV charging station emulator that connects to a CSMS over WebSocket and supports OCPP 2.0 messages such as BootNotification.,afbf35d7a96c
roy429-hub/buima-tracker,2026-10-01T09:25:28Z,Other > EV charging operations dashboard,"Buima Tracker is a frontend dashboard that parses daily XLSX reports to monitor global EV-charging installations, calculate site revenue, profit, and KPIs, and display aggregated site data and charging sessions.",47722aab22b7
ruchikumari-jha/Electric-Vehicle-Population-Data,2025-05-02T08:41:48Z,Other,"A dataset describing registered electric vehicles by count, type, location, battery capacity, make, and model.",829174cd81a3
ruslan-hut/evsys,2026-08-28T17:11:36Z,OCPP > Server,"OCPP 1.6J central charging system server that manages electric vehicle charging stations, users, and charging sessions with WebSocket and REST API interfaces.",7db4bcffba10
ruslan-hut/ocpp-emu,2026-06-30T14:00:30Z,OCPP > Simulator,"Web-based EV charging station emulator for creating and managing simulated OCPP 1.6, 2.0.1, and 2.1 charging stations with message inspection and custom message testing.",a04ee2956d1f
SAFE-eV/OCMF-Open-Charge-Metering-Format,2026-07-20T08:03:09Z,Other > Specification,"The Open Charge Metering Format (OCMF) specification for EV charging metering data, maintained collaboratively as markdown within the SAFE Group.",f339780f1d94
SAFE-eV/transparenzsoftware,2025-10-28T16:55:47Z,Eichrecht > Misc,Transparenzsoftware is a Java CLI and Swing application for verifying OCMF metrology measurement data from EV charging station meters for MID and German Eichrecht compliance.,2661b3a7129f
salah2277/steve,2026-10-01T10:42:01Z,Other,A macOS CLI tool that automates and controls Mac applications using the Accessibility API for testing and AI agent integration.,c2de0ee43faa
sap-labs-france/ev-dashboard,2024-08-02T05:37:22Z,OCPP > Server|Other > Dashboard frontend,"Angular dashboard frontend for Open e-Mobility that connects to ev-server to monitor, manage, remotely control, bill, and analyze EV charging stations and related assets.",11f577bcd3e3
sap-labs-france/ev-mobile,2023-10-16T06:44:16Z,Other > Mobile App,A React Native Android and iOS mobile app for managing electric vehicle charging stations through the Open e-Mobility backend.,42991d748bab
sap-labs-france/ev-server,2024-08-07T13:34:59Z,OCPP > Server|OICP > Misc,"A Node.js backend server for managing EV charging stations, storing OCPP data in MongoDB, exposing REST APIs, and supporting operations such as remote control, smart charging, billing, roaming, and analytics.",ec9269b79cb2
sap-labs-france/ev-simulator,2024-01-04T09:48:50Z,OCPP > Simulator,An OCPP-J charging station simulator for e-mobility testing.,cf3cbbe28d5d
SAP-samples/e-mobility-driver-app,2026-09-16T15:44:51Z,Other > App,"A SAP CAP-based progressive web application for EV drivers to manage charging sessions, view statistics, find charging stations, and track charging costs.",a882507c2e0d
SAP/e-mobility-charging-stations-simulator,2026-09-30T23:12:43Z,OCPP > Simulator,Node.js simulator for OCPP-J charging stations that enables load testing and scaling validation.,58d8839776ff
savekar-ev/OCPI-2.2.1-EMSP-Simulator,2026-05-07T11:44:54Z,OCPI > Simulator,"A Python OCPI 2.2.1 EMSP simulator for testing CPO backend compliance, credentials exchange, data synchronization, sessions, commands, and CDR submissions.",6d4cc43eeb69
savekar-ev/OCPP-1.6-Charging-Point-Management-System,2026-04-10T06:22:18Z,OCPP > Server,"A full-stack OCPP 1.6 JSON Charge Point Management System for managing EV chargers through a WebSocket server, REST API, admin interface, and PostgreSQL backend.",e7f272ab0b24
SCiunczyk/wallbox-diy,2026-09-16T16:56:37Z,Other > Home Assistant integration|Other > Hardware adapter,ESPHome configuration and hardware files for an ESP32 Wi-Fi to Modbus proxy that connects a DIY DomBusEVSE wallbox to Home Assistant and measures EV charging energy.,564156c84440
scroodge/VoltFlow,2026-10-01T11:43:25Z,Other,"VoltFlow is a mobile-first PWA for tracking EV charging sessions, vehicle telemetry, trips, energy use, maintenance, and related vehicle data.",aaea012cca8e
seanlee0923/csms-platform,2026-07-30T06:27:15Z,OCPP > Server,"A Go-based OCPP 1.6, 2.0.1, and 2.1 CSMS runtime and Kubernetes Operator that manages deployments and supports distributed session ownership, MySQL persistence, and cross-pod command delivery.",b81571dd70d6
seanlee0923/ocpp,2026-08-13T02:56:10Z,OCPP > Libraries|OCPP > Server,"Go OCPP-J library providing type-safe CSMS server and Charging Station client implementations for OCPP 1.6, 2.0.1, and 2.1.",615771011952
seanlee0923/ocpp-schema-gen,2026-07-21T06:22:24Z,OCPP > Generator,"Independent Go code generator for OCPP 1.6/2.0.1/2.1 types from official OCA JSON schemas, verifying the ocpp-go library's byte-for-byte schema compliance.",62f5112fc25d
securityinmobility/dc-charging-station,2026-09-18T08:50:40Z,iso15118 > Plug&Charge|Other > DC charging station integration,"Python glue code and hardware abstraction interfaces for operating a bidirectional DC EV charging station using SLAC, ISO 15118, an EVAcharge SE controller, and an EA-PSB power supply.",1022173a8283
sepehr-safari/ocpp-handbook,2026-08-15T21:26:00Z,OCPP > Misc|iso15118 > Misc,"An open-source course and handbook on EV charging software fundamentals, covering industry context, hardware, protocols (OCPP, OCPI, ISO 15118), and debugging techniques.",50907f7522dc
sepych/ocpp-ts,2021-12-26T16:18:21Z,OCPP > Libraries,TypeScript library for implementing OCPP 1.6 JSON central system and charge point WebSocket communication.,3121935aa122
Sevenstax/FreeV2G,2026-09-23T07:15:08Z,iso15118 > Misc|iso15118 > Plug&Charge,FreeV2G is a Python host application for controlling 8devices WHITE-beet modules to implement ISO 15118 and DIN 70121 communication between electric vehicles and charging equipment.,c123d812afd6
SFOE/ichtankestrom_Documentation,2026-04-02T16:16:54Z,Other > Open Data,"Documentation for Switzerland’s national electromobility data infrastructure, providing real-time charging point availability and open data access for EV charging stations.",a06bdbd3866f
Shargus/MasterThesis,2022-12-26T15:57:59Z,Other,Master thesis project on real-time state-of-health estimation for electric vehicle battery packs using time-series extrinsic regression.,5bcf4a9d56ff
ShellRechargeSolutionsEU/docile-charge-point,2022-01-20T16:37:59Z,OCPP > Simulator|OCPP > Libraries,A Scala-based scriptable OCPP charge point simulator and test tool for running scripted charge point behavior and assertions against OCPP central systems.,cce59139922b
ShellRechargeSolutionsEU/ocpi-endpoints,2021-07-29T09:20:24Z,OCPI > Libraries,"Scala library providing reusable OCPI protocol endpoint routes, clients, message serialization, and example usage for applications implementing common OCPI modules.",047633ef0de9
ShellRechargeSolutionsEU/ocpp,2021-10-08T09:39:37Z,OCPP > Libraries,"Scala library implementing the OCPP network protocol with message types, JSON serialization, and RPC support for OCPP-J 1.5/1.6 and partial OCPP 2.0.",2fcd52c020f2
ShellRechargeSolutionsEU/ocpp-charger,2021-08-17T13:49:10Z,OCPP > Simulator,Actor-based OCPP charger simulator that can run standalone against a central system over SOAP or OCPP-J/WebSocket.,076dc4a088d0
ShellRechargeSolutionsEU/ocpp-soap,2020-06-12T09:53:46Z,OCPP > Libraries,Scala libraries and generated SOAP bindings for handling OCPP 1.2 and 1.5 messages over SOAP.,f40ff2ab89b4
shiks2/charlie,2026-04-19T04:47:02Z,,Lightweight OCPP 1.6J Central System in Go. Open-source alternative to heavy Java-based CSMS servers. Powers Volt — hosted EV charging infrastructure management.,e77881c01c25
shiv3/gocpi,2026-06-30T06:51:35Z,OCPI > Libraries,"gocpi is a Go library that provides generated typed OCPI clients, server handlers, validation, transport semantics, and pricing utilities for OCPI 2.1.1, 2.2.1, and 2.3.0 e-mobility roaming.",4239155d053b
shiv3/gocpp,2026-06-18T15:23:55Z,OCPP > Libraries,"gocpp is a Go library for building typed OCPP 1.6, 2.0.1, and 2.1 CSMS servers and charge point clients with schema validation and pluggable storage, authentication, and observability.",68d00e5adb91
shiv3/ocpp-cp-simulator,2026-10-01T12:17:43Z,OCPP > Simulator,"OCPP 1.6J charge point simulator for AI agent testing, CI automation, and CSMS development with browser UI, CLI, and Socket.IO control API.",f965407dc035
siddharthsabron/ocpp,2024-04-18T04:49:38Z,OCPP > Server,TypeScript Node.js WebSocket server for communicating with OCPP-compatible EV charging stations.,403453a61ed2
skazemi/awesome-evse,2024-03-13T21:18:25Z,OCPP > Misc|OCPI > Misc|iso15118 > Misc|Other,"A curated awesome list of EV charging tools, frameworks, libraries, and software.",d9b90d358f32
slachiewicz/ocpp-csms-backend,2025-07-25T21:03:20Z,OCPP > Server,Python/FastAPI and Vue3 CSMS for monitoring and controlling EV charging stations over WebSocket with queue-based charge point services and management logic.,
slachiewicz/ocpp16jto201gateway,2023-12-02T14:25:54Z,OCPP > Misc,OCPP 1.6 JSON to OCPP 2.0.1 gateway for translating charge point communication between protocol versions.,
slezoric/ISO15118-car-charging,2017-06-05T16:38:28Z,Other > EV charging station software,This repository contains the main files for an electric vehicle charging station project.,8633bb5918aa
smartenergycontrol-be/ocpp-proxy,2025-09-29T14:35:20Z,OCPP > Server,A Home Assistant OCPP proxy that shares one EV charger across multiple backend services with OCPP 1.6/2.0.1 support and control arbitration.,d953a259ea5e
SmartEVSE/SmartEVSE-3,2026-08-30T21:51:23Z,OCPP > Charge Point|Other > EVSE Controller,"SmartEVSE v3 is open-source firmware and hardware for an EVSE charge controller with smart load balancing, Modbus/RS485 metering, WiFi, MQTT/REST APIs, and OCPP 1.6J support.",9555e71481e9
SolarNetwork/solarnetwork-central,2026-10-01T07:11:42Z,Other > Energy Management System,"A cloud platform for the SolarNetwork system that manages user accounts, provisions IoT nodes, and provides REST APIs for accessing energy monitoring data from distributed nodes.",0cfe3c26a23b
SolarNetwork/solarnetwork-node-ocpp,2026-07-07T03:42:36Z,OCPP > Server,SolarNode plugins enabling OCPP protocol support for the SolarNode energy management platform.,9c0e0313afd4
solectrus/ruze,2026-06-02T08:46:46Z,Other > Vehicle API client,"RuZE is an unofficial Ruby client for the Renault ZE API that retrieves electric vehicle battery, mileage, charging, and location data.",7cb196a859ae
solidstudiosh/ocpi-schema,2026-09-28T11:09:00Z,OCPI > Libraries,A Node.js tool that generates JSON Schemas for OCPI versions 2.1.1 and later.,bea20fb7aba3
solidstudiosh/ocpp-virtual-charge-point,2026-09-22T09:55:35Z,OCPP > Simulator,A Node.js terminal-based simulator for OCPP 1.6 and 2.0.1 charging stations with configurable WebSocket connection settings and schema validation.,aa18be7393b2
solutionforest/ocpp-php,2026-06-03T09:29:07Z,OCPP > Libraries,PHP library for building OCPP 1.6 and OCPP 2.0.1 charging station and central system implementations over WebSocket.,0ff2442786a8
soneeee22000/go-charger-ramp,2026-06-30T11:46:48Z,OCPP > Simulator,"A Go charger-supervision service that simulates an OCPP-style heartbeat fleet, tracks charger liveness concurrently, exposes fleet status over HTTP, and shuts down gracefully.",f1a394f1de5e
srcfl/device-simulator,2026-08-20T05:56:10Z,OCPP > Simulator|Other > Device simulator,"Device Simulator is a Go desktop and Docker app for dynamically simulating solar inverters, batteries, EV chargers, and energy meters over Modbus TCP, MQTT, and OCPP for testing.",41cbd5503060
srcfl/ftw,2026-10-01T09:37:01Z,OCPP > Server|Other,"FTW is a local-first home energy management system that coordinates solar generation, batteries, grid power, EV charging, and thermal assets on Linux or Raspberry Pi hosts, with a built-in OCPP server.",5a575232fa82
steve-community/ocpi-models,2026-09-11T09:10:48Z,OCPI > Libraries,"A Java library providing data models, Spring MVC API mappings, and RestTemplate clients for OCPI 2.2.1.",2db64ca0afb0
steve-community/ocpp-jaxb,2026-08-18T08:42:22Z,OCPP > Libraries,"Java library providing JAXB-generated data model mappings for OCPP protocol versions 1.2, 1.5, 1.6, 2.0.1, and 2.1.",5bf95c61c4d9
steve-community/steve,2026-09-28T21:21:38Z,OCPP > Server,"A Java-based OCPP server implementation providing charging station management with support for OCPP 1.2-1.6, security extensions, and certificate management.",c01e161fe998
steve-white/ocpp-server,2026-06-04T21:31:35Z,OCPP > Server,"A Go proof-of-concept OCPP 1.6 CSMS server for connecting chargers, handling basic messages and sessions, and sending charger commands via REST and message queues.",c1312b25372f
stromenergy/strom,2023-05-20T14:18:31Z,OCPP > Server|Other,"Strom is an open-source OCPP 1.6 bridge that lets charge point owners start, stop, monitor, and bill EV charging sessions using Lightning and Nostr payment flows.",29d58f970464
suroorhussain/ev-protocols,2023-08-16T15:53:20Z,OCPI > Misc,A Docusaurus documentation site that translates the official OCPI specification from AsciiDoc to Markdown for easier navigation.,939173587a79
SwitchEV/RISE-V2G,2025-12-19T22:50:54Z,iso15118 > Plug&Charge,"RISE V2G is an open-source reference implementation of the ISO 15118 vehicle-to-grid communication interface between EVs and charging stations, including Plug & Charge and load control support.",47fda8928a78
tandemdrive/ocpi-tariffs,2025-03-19T09:04:08Z,OCPI > Libraries,A project for calculating tariffs according to OCPI.,aca3ba657cdc
TECHS-Technological-Solutions/ocpi,2025-12-26T12:59:56Z,OCPI > Libraries,"py-ocpi is a Python library implementing OCPI with schemas, CRUD integration, and adapters for connecting central-system data to the protocol.",531dba76dd20
TECHS-Technological-Solutions/ocpp-simulator,2022-08-29T07:05:39Z,OCPP > Simulator,An OCPP-based simulator for simulating an EV charge point.,a93442ddce91
TeMo62/HA_EV_Charge_Halo_Nordpool,2026-07-24T15:04:47Z,Other > Home Automation,Home Assistant automation tool that controls a Charge Amps Halo EV charger via OCPP with charging schedules optimized by Nord Pool 15-minute electricity prices.,186b94dfcac0
thepaulcooper/victron-openEVSE,2021-10-23T14:39:53Z,Other > Energy Management,Node-RED controller that adjusts an openEVSE charger via MQTT to use available Victron PV and battery power for EV charging.,1b92e984ebfb
thoughtworks/maeve-csms,2024-08-01T17:20:26Z,OCPP > Server|iso15118 > Plug&Charge,MaEVe is an experimental Go-based EV charge station management system that accepts OCPP 1.6j/2.0.1 charge station connections and integrates with Hubject for ISO 15118 Plug and Charge.,622540096da3
Tinkerforge/tfocpp,2026-09-26T17:37:03Z,OCPP > Libraries,TFOCPP is a C++ library implementing OCPP 1.6J Core and Smart Charging profiles for integration into EV charger firmware.,47e6fcba5d3b
tommymalmqvist/rust-ocpp,2026-06-08T12:33:12Z,OCPP > Libraries,"rust-ocpp is a Rust library implementing OCPP 1.6, 2.0.1, and work-in-progress 2.1 data models validated against official JSON schemas.",0974652c4d1e
TumbleOwlee/ferrowl,2026-09-30T16:54:26Z,OCPP > Simulator,"Ferrowl is a Rust-based TUI simulator for OCPP (versions 1.6, 2.0.1, 2.1) and Modbus infrastructure, supporting both charging station and central system simulation.",13867c988424
tux-evse/afb-ocpp-ext,2025-11-25T11:03:22Z,OCPP > Libraries,libafb extension that adds OCPP 1.6 and 2.0.1 transport support for AFB micro-services.,48c8327f6dc8
tux-evse/iso15118-binding-rs,2024-07-25T12:28:47Z,iso15118 > Libraries,A Rust AFB v4 binding for ISO 15118-20/2/DIN Plug&Charge protocol with TLS/PKI support and remote debugging infrastructure.,4d1aa05ffa4f
tux-evse/iso15118-encoders,2025-03-07T11:05:00Z,iso15118 > Libraries,"C library with generated EXI encoders and decoders for ISO15118 (DIN, 2, 20) Plug&Charge protocol messages.",c43e5e4d16a9
tux-evse/iso15118-encoders-rs,2025-03-07T11:08:08Z,iso15118 > Libraries,Rust library for ISO 15118 EXI message encoding and decoding in electric vehicle protocols.,ca66e6d1f69c
tux-evse/iso15118-simulator-rs,2025-03-07T11:09:25Z,iso15118 > Simulator,A Rust simulator for ISO15118-2-3-20 EV charging protocols providing REST/WebSocket APIs to test EV and EVSE charging negotiations.,8a112693b496
tux-evse/josev-binding-rs,2025-02-20T08:58:16Z,iso15118 > Misc,AFB binding for ISO-15118-2 charging station that interfaces with the Josev stack via MQTT.,f3e7c81fe589
tux-evse/ocpp-binding-rs,2024-11-18T10:55:52Z,OCPP > Libraries,Rust OCPP charger stack implementation packaged as an afb-binding microservice for OCPP 1.6 and 2.0.1 WebSocket communication and testing.,672d2ddda7d5
tux-evse/ocpp-csms,2023-10-17T14:45:12Z,OCPP > Server|OCPP > Simulator,Podman configuration and scripts for running and testing a Maeve-based OCPP CSMS with a simple OCPP 1.6 client.,ccf37f5c95d6
tzi-app/tzi-OCTT,2026-03-05T08:59:58Z,OCPP > Test Suite,A Python pytest-based OCTT test suite for verifying CSMS implementations against OCPP 2.0.1 and OCPP 1.6J.,0c9dafb4696f
u2ware/ocpp-boot-client,2025-10-21T09:23:07Z,OCPP > Simulator,"ocpp-boot-client is a Spring Boot OCPP client emulator/sample implementation for OCPP 1.6, 2.0.1, and 2.1 with customizable client handlers and a console UI.",1d873a4b28a8
u2ware/ocpp-boot-server,2025-10-21T09:22:43Z,OCPP > Server|OCPP > Simulator,"Spring Boot-based customizable OCPP server emulator/sample implementation supporting OCPP 1.6, 2.0.1, and 2.1 with pluggable Java handlers and mock testing.",4d5df8ee1323
uhi22/ccs32,2023-07-18T07:01:20Z,iso15118 > Misc,An Arduino/ESP32 project that implements the vehicle-side CCS ISO 15118 charging controller on a WT32-ETH01 with a HomePlug modem.,833a6139dd4b
uhi22/ccs32clara,2026-06-22T05:21:41Z,iso15118 > Misc|Other > CCS charge controller,Embedded STM32 firmware for a CCS charge controller that communicates with a QCA7005 HomePlug Green PHY modem to control EV charging.,da725b5e3772
uhi22/pyPLC,2026-09-17T06:52:45Z,iso15118 > Misc,"Python tools for experimenting with CCS charging communication, including PLC traffic sniffing and EVSE/PEV modes for ISO 15118/DIN 70121 workflows.",abc3b7996cc9
unified-error-codes/csds,2026-04-30T17:32:39Z,OCPP > Misc,"UEC Software Stack provides backend, UI, and EVSE-agent components for charging station diagnostics using unified error codes and telemetry retrieved via OCPP.",673485c5b2cb
unified-error-codes/specification,2026-09-08T11:41:03Z,Other > Specification,"Specification for unified error codes to standardize error reporting and diagnostics across the EV charging ecosystem, developed by CharIN.",7965f78fa493
UzGrid/uzgrid-core,2026-09-01T04:28:19Z,OCPP > Server|OCPI > Server,"UZGRID is a TypeScript-based server platform for managing EV charging stations via OCPP 1.6 and 2.0.1, supporting OCPI 2.2.1 roaming and providing an operator web console.",807dd3e4cd23
v-bodnar/ocpp-server,2021-11-20T17:45:10Z,OCPP > Server,"Java 11 OCPP server application with GUI and CLI modes, SSL/TLS support, REST control API, and runtime behavior customization via Groovy scripts.",49837cd48659
vabhishekprakash/ev-apm-agent,2026-09-14T05:32:05Z,OCPP > Misc,"EV APM Agent monitors OCPP telemetry from charging stations, detects known faults and anomalous connector behavior, and prioritizes alerts without requiring additional hardware.",2dd3a4109f64
vabhishekprakash/rag-eval-system,2026-09-14T05:23:24Z,OCPP > Misc|Other > Evaluation framework,A local RAG pipeline and evaluation framework that benchmarks retrieval and answer-generation configurations on OCPP 1.6 specification questions using a local language model.,b4f3bc9d3b76
vampirebyte/ocpp-gatling-test,2026-08-28T06:40:45Z,,,d4704abafb71
vampirebyte/rabbitmq-web-ocpp,2026-08-26T13:09:20Z,OCPP > Misc,"A RabbitMQ plugin that translates OCPP-over-WebSocket charge point messages to native AMQP protocol, enabling scalable distributed backend processing for EV charging networks.",742e72452b19
vasyas/charger-simulator,2025-04-09T10:51:53Z,OCPP > Simulator,"TypeScript OCPP charging station simulator usable as a CLI or JS library, supporting OCPP-J 1.6 and OCPP-SOAP 1.5.",91f490b18549
vbalagovic/cars-dataset,2026-07-08T06:31:55Z,Other > Dataset,"CarsDataset is a global automotive specifications database and REST API providing technical specs, performance data, and market prices for 54,000+ vehicle variants (cars, trucks, motorcycles) across 370+ brands from 1898–2026.",a3840bfa577e
Veton-ev/Veton-EMS-Integration,2026-08-30T07:17:19Z,Other > Integration Guide,"A developer guide for integrating Veton/Phoenix Contact CHARX EV chargers into Energy Management Systems via Modbus, MQTT, REST, and OCPP with runnable code examples.",4eb6d4826eed
vfg27/CheckOCPP,2026-03-22T21:58:57Z,OCPP > Misc,CheckOCPP is a Wireshark Lua dissector that detects OCPP JSON traffic versions and validates captured messages against protocol schemas for passive compliance auditing.,08671fa9459c
vfg27/EmuOCPP,2026-03-22T22:08:50Z,OCPP > Simulator,"EmuOCPP is a Mininet/IPMininet-based OCPP emulator for simulating EV charging stations and central systems across OCPP 1.6, 2.0, and 2.0.1 with security profiles and certificate tooling.",973add4de29b
victormunoz/OCPP-1.6-Chargebox-Simulator,2024-07-08T11:45:44Z,OCPP > Simulator,A simple OCPP 1.6 charge point simulator that connects to a central station and sends common chargebox events.,86929ee28824
villekr/ocpp-asgi,2022-12-23T13:11:18Z,OCPP > Libraries,ocpp-asgi is a Python library that extends mobilityhouse/ocpp with an ASGI interface for building event-driven OCPP Central System backends over WebSocket and HTTP.,10ae0b6c9fb2
virta-ltd/charge-device-simulator,2026-08-13T19:15:23Z,OCPP > Simulator|Other > Ensto simulator,"Python-based device simulator framework for EV charging protocols including OCPP and Ensto, packaged for Docker-based execution.",df7b2615cd0f
vishalrj291/Smart-EV-Charge-Monitoring,2025-09-22T15:28:35Z,Other,"An IIoT-based system monitors and controls EV charging parameters in real time, provides analytics and remote access, detects faults, and optimizes energy use.",81bd84c54a26
vlcty/TeslaWallbox,2022-12-09T17:57:08Z,Other > Wallbox library,"A Go library for querying version, lifetime statistics, and live vitals from Gen 3 Tesla wallboxes.",cf54487dad6a
vnbaaij/OCPP.NET,2020-12-27T19:49:42Z,,,611f4549ea8e
voltbras/go-ocpp,2022-02-16T10:02:22Z,OCPP > Libraries,A Go implementation of OCPP 1.5 SOAP and OCPP 1.6 JSON for building central system and charge point clients.,d55936ea7fc4
voltbras/ts-ocpp,2026-01-20T22:04:53Z,OCPP > Libraries,TypeScript library for implementing OCPP central systems and charge points with support for OCPP-JSON 1.6 and OCPP-SOAP 1.5.,00e715d8e69a
vorchunpaul/ocpp-gateway,2022-02-28T05:49:48Z,OCPP > Misc,OCPP gateway that translates selected messages between OCPP 2.0.1 charge points and OCPP 1.6 servers.,bc415af99d1e
wang007/e-iot,2025-10-10T07:38:12Z,OCPP > Libraries|Other > Yunkuaichong,"e-iot is a Vert.x-based Java library for implementing OCPP 1.6J, 2.0.1, 2.1 and Yunkuaichong charging protocols.",c45d0b0b8b71
weemaba999/homeassistant-tap-community,2026-05-29T13:08:20Z,OCPP > Misc|Other > Home Assistant integration,"Unofficial Home Assistant integration for monitoring and controlling Tap Electric-managed EV chargers via Tap APIs, with optional live session metadata and remote start/stop support.",7b40d9edcdfe
wfvining/ocpp,2025-02-24T00:30:31Z,OCPP > Libraries,"Erlang OTP library implementing the OCPP 2.0.1 protocol layer for CSMS applications, handling station communication semantics and compliance support.",63d37d251f95
wiedergruen/ocmf,2019-07-08T19:09:48Z,Eichrecht > Misc,Markdown version of the Open Charge Metering Format specification for further development within the SAFE Group.,be328db9c778
wimhaanstra/com.sortedbits.smartevse,2026-07-17T05:33:03Z,Other > Home Automation,A Homey home automation app that integrates Smart EVSE-3 EV chargers via MQTT for local monitoring and control of charging operations.,f6f797961293
wimhaanstra/virtual-ocpp,2026-06-28T07:51:50Z,OCPP > Server|OCPP > Simulator,"A self-hosted OCPP 1.6j service that manages Smart EVSE chargers, records charging sessions, proxies OCPP traffic, and includes an integrated charger simulator.",c174b20e7e54
wirelane/ocpp-client-simulator,2026-09-17T10:44:13Z,OCPP > Simulator,"A Node.js command-line simulator for an OCPP 1.6 JSON/WebSocket charging station that connects to an OCPP server and exercises scenarios such as RFID authorization, remote start/stop, connectors, and signed meter values.",869bbe9c0460
xBlaz3kx/evcc-helm-chart,2026-08-02T20:36:53Z,OCPP > Misc|Other,"Helm chart for deploying EVCC, an EV charging controller, on Kubernetes with configurable services and SQLite backups.",d5034c2c9edf
yohannlog/OCPP_ChargingStation_2_0_1,2022-05-20T21:33:33Z,OCPP > Simulator,A JavaFX charging station simulator for testing OCPP 2.0.1 JSON server implementations without a physical charger.,af6775d30d46
yuncitys/charging-cloud-web,2026-09-11T16:28:59Z,OCPP > Server,"YunCharge is an open-source charging-station management and billing platform for electric two-wheelers and cars that supports charger operations, payments, monitoring, and OCPP 1.6J/2.0J integration.",23c878fbce59
yuncitys/YunCharging,2024-10-17T13:01:29Z,OCPP > Server|Other > Charging management platform,"YunCharge is an open-source EV and e-bike charging operation and billing platform with user apps, payments, charger management, and support for YunKuaiChong and OCPP protocols.",4a30751f0306
ZANNABI-LAB/swapve,2026-09-02T02:52:11Z,OCPP > Server|OCPP > Libraries|OCPP > Simulator,"SwapVe is a Kotlin/JVM library and reference CSMS implementing OCPP 2.1 battery-swapping functionality, with codec, session, domain-model, and station-simulator components.",d64d4879d284
zeloscloud/zelos-extension-ocpp,2026-09-01T03:05:24Z,OCPP > Server|OCPP > Simulator,"A Zelos App extension that operates an OCPP 1.6 and 2.0.1 CSMS server, monitors connected chargers, exposes charging data, and supports remote actions and simulated charge points.",086bf193468d
zeloscloud/zelos-extension-v2g,2026-09-30T18:56:32Z,iso15118 > Misc,"A Zelos extension that decodes ISO 15118 and DIN 70121 EV charging traffic, including associated SocketCAN frames, from packet captures or live traffic into queryable traces.",e3e1424c3a01
ZeMorfe/nodejs_ocpp16_client,2020-03-23T17:36:58Z,OCPP > Simulator,"Node.js OCPP 1.6 JSON charge point client for testing server interactions, web UI control, and smart charging profile behavior.",852ae37652b4
zephyrproject-rtos/zephyr,2026-10-01T03:39:01Z,Other > RTOS,"Zephyr is a scalable, real-time operating system (RTOS) for resource-constrained embedded devices and IoT systems supporting multiple hardware architectures.",2fc59f490940
ZhongRuoyu/ocppsim,2026-09-29T05:37:23Z,OCPP > Simulator,"A terminal-based OCPP-J charge point simulator written in Rust that connects to a CSMS, maintains local state for connectors and transactions, and emits protocol-shaped OCPP messages for testing and protocol development.",45aa689f5f14
zonnedev/ocpp-java,2026-09-26T14:02:28Z,OCPP > Libraries,Java 25 library providing strongly typed OCPP 1.6 and 2.0.1 protocol models with strict Jackson-based JSON codec and DataTransfer extension support.,8fb58c639996
zzerk/OCPP-J-Server,2022-02-12T02:16:14Z,OCPP > Server,A basic Node.js server implementation for the OCPP 1.6J protocol.,c5bcabf7c9dc
